Tytuł,Cena Rzeczywista,Cena Przewidywana (Model),Klasyfikacja Ceny,Marka,Rok,Rozmiar,Stan,Link
Triban  RC 5 2 0 Wrocław Fabryczna • OLX.pl,2000.0,2511.72,Zaniżona,TRIBAN,,S,Używane,https://www.olx.pl/oferta/triban-rc-5-2-0-CID767-ID15f0JJ.html
"Canyon Roadlite CF 7.0 , Carbon,  Gravel, Fitness Lublin • OLX.pl",3800.0,6392.76,Zaniżona,CANYON,,S,Używane,https://www.olx.pl/oferta/canyon-roadlite-cf-7-0-carbon-gravel-fitness-CID767-ID15f0UX.html
SPECIALIZED SIRRUS 4.0 Full CARBON 2022 XL Fitness Rower Warszawa Białołęka • OLX.pl,2790.0,5703.51,Zaniżona,SPECIALIZED,2022.0,S,Używane,https://www.olx.pl/oferta/specialized-sirrus-4-0-full-carbon-2022-xl-fitness-rower-CID767-ID15g2r5.html
Triban GRAVEL 120 - 2024 - 175-185 cm Wrocław Krzyki • OLX.pl,1500.0,2522.24,Zaniżona,TRIBAN,2024.0,S,Używane,https://www.olx.pl/oferta/triban-gravel-120-2024-175-185-cm-CID767-ID15fRbR.html
Gravel elektryczny Orbea Gain D20 M Black - titanium Mahle + PowerMore Poznań Stare Miasto • OLX.pl,9900.0,5495.08,Zawyżona,ORBEA,2023.0,S,Używane,https://www.olx.pl/oferta/gravel-elektryczny-orbea-gain-d20-m-black-titanium-mahle-powermore-CID767-ID15g3cs.html
MERIDA S-PRESSO 700  28 cali– lekki i szybki rower fitness Bolszewo • OLX.pl,1670.0,4036.78,Zaniżona,TREK,,S,Używane,https://www.olx.pl/oferta/merida-s-presso-700-28-cali-lekki-i-szybki-rower-fitness-CID767-ID15frdj.html
Rower szosa/gravel Canyon Grizl M/52 cm Krosno • OLX.pl,6900.0,5068.12,Zawyżona,CANYON,,S,Używane,https://www.olx.pl/oferta/rower-szosa-gravel-canyon-grizl-m-52-cm-CID767-ID15g3gR.html
Rondo AL2 Hydro rozmiar M +sporo dodatków Rzeszów • OLX.pl,5499.0,4494.15,Zawyżona,RONDO,,S,Używane,https://www.olx.pl/oferta/rondo-al2-hydro-rozmiar-m-sporo-dodatkow-CID767-ID14R41W.html
Jamis Renegade Expert rozmiar 56 gravel karbon Dąbrowa Górnicza • OLX.pl,3001.0,5932.52,Zaniżona,JAMIS,,S,Używane,https://www.olx.pl/oferta/jamis-renegade-expert-rozmiar-56-gravel-karbon-CID767-ID15f913.html
"Gravel  Kross Esker 5.0 rok 2024 , APEX rozm M Sobótka • OLX.pl",3800.0,4465.39,Średnia,KROSS,2024.0,S,Używane,https://www.olx.pl/oferta/gravel-kross-esker-5-0-rok-2024-apex-rozm-m-CID767-ID15al3L.html
Gravel KTM rozmiar 52 GRX 800 1x11 Kolonia Wolanów • OLX.pl,4800.0,4810.02,Średnia,NIEZNANA,,S,Używane,https://www.olx.pl/oferta/gravel-ktm-rozmiar-52-grx-800-1x11-CID767-ID15ftWt.html
ROSE Backroad FF GRX RX825 Di2 2x12 wyścigowy karbonowy gravel M/L XL Nowy Targ • OLX.pl,18999.0,16977.03,Średnia,ROSE,2024.0,S,Nowe,https://www.olx.pl/oferta/rose-backroad-ff-grx-rx825-di2-2x12-wyscigowy-karbonowy-gravel-m-l-xl-CID767-ID1566Kh.html
KANDS toro Claris L Warszawa Wola • OLX.pl,2300.0,2481.76,Średnia,NONE,,S,Używane,https://www.olx.pl/oferta/kands-toro-claris-l-CID767-ID14XA5V.html
Triban RC 500/Flatbar Sora Van Rysel*/Gravel*/NOWY !/ FABRYCZNY ! / Poznań Chartowo • OLX.pl,2400.0,2402.14,Średnia,TRIBAN,2023.0,S,Nowe,https://www.olx.pl/oferta/triban-rc-500-flatbar-sora-van-rysel-gravel-nowy-fabryczny-CID767-ID14SR00.html
"Nowy rower Superior X-ROAD TEAM COMP GR, Poznań, Gwarancja, FV Poznań Junikowo • OLX.pl",9299.0,9265.25,Średnia,NONE,,S,Nowe,https://www.olx.pl/oferta/nowy-rower-superior-x-road-team-comp-gr-poznan-gwarancja-fv-CID767-ID15fyax.html
Rower Romet Aspre 1 2020 rok Szczecin Słoneczne • OLX.pl,1500.0,2430.85,Zaniżona,ROMET,2020.0,S,Używane,https://www.olx.pl/oferta/rower-romet-aspre-1-2020-rok-CID767-ID15eXDJ.html
Rower damski gravel Wieliszew • OLX.pl,1300.0,2413.19,Zaniżona,NIEZNANA,,S,Używane,https://www.olx.pl/oferta/rower-damski-gravel-CID767-IDWRTOr.html
Gravel Kona Rove NRB rozmiar 56 Kania Góra • OLX.pl,2300.0,2587.12,Średnia,NONE,,S,Używane,https://www.olx.pl/oferta/gravel-kona-rove-nrb-rozmiar-56-CID767-ID157fLV.html
Rower Felt road/gravel Broam 60 używany Józefosław • OLX.pl,2499.0,2530.41,Średnia,FELT,,S,Używane,https://www.olx.pl/oferta/rower-felt-road-gravel-broam-60-uzywany-CID767-ID15aLJ2.html
Rower szosowy Triban 520 RC Shimano 105 R7000 Tarcze S Gravel Zacharzew • OLX.pl,2699.0,4168.12,Zaniżona,TRIBAN,,S,Używane,https://www.olx.pl/oferta/rower-szosowy-triban-520-rc-shimano-105-r7000-tarcze-s-gravel-CID767-ID15apJi.html
ROSE Backroad Campagnolo EKAR 1x13 karbonowe koła BESTSELLER 57 59 Nowy Targ • OLX.pl,12799.0,12651.53,Średnia,ROSE,2024.0,S,Nowe,https://www.olx.pl/oferta/rose-backroad-campagnolo-ekar-1x13-karbonowe-kola-bestseller-57-59-CID767-ID1561ZM.html
"Rower gravel Fuji JARI 1.1 (2021) GRX, rozmiar M (54) Gdańsk Śródmieście • OLX.pl",4470.0,4831.11,Średnia,FUJI,2022.0,S,Używane,https://www.olx.pl/oferta/rower-gravel-fuji-jari-1-1-2021-grx-rozmiar-m-54-CID767-ID12rqUI.html
"Rower Triban RC520 L - Shimano 105 - szosa, gravel Łódź Polesie • OLX.pl",2500.0,2564.58,Średnia,TRIBAN,2021.0,S,Używane,https://www.olx.pl/oferta/rower-triban-rc520-l-shimano-105-szosa-gravel-CID767-ID15aN6b.html
Nowy rower gravel 3T Exploro Ultra Carbon Rival AXS 12s SUPER CENA Skórzewo • OLX.pl,12999.0,12762.34,Średnia,GT,,XS,Nowe,https://www.olx.pl/oferta/nowy-rower-gravel-3t-exploro-ultra-carbon-rival-axs-12s-super-cena-CID767-ID14XaCD.html
Kellys Soot 50 M 2022 Ząbki • OLX.pl,2500.0,4752.07,Zaniżona,GT,2022.0,S,Używane,https://www.olx.pl/oferta/kellys-soot-50-m-2022-CID767-ID15eMdM.html
Rower gravel Marin Four Corners XL 2019 niebieski Augustów • OLX.pl,2400.0,2511.27,Średnia,MARIN,2019.0,S,Używane,https://www.olx.pl/oferta/rower-gravel-marin-four-corners-xl-2019-niebieski-CID767-ID15dDjo.html
Rower Szosowy/Gravel Triban RC500 na kołach MAVIC AKSIUM (rozmiar L) Wysoka Lelowska • OLX.pl,2600.0,2521.55,Średnia,TRIBAN,2022.0,S,Używane,https://www.olx.pl/d/oferta/rower-szosowy-gravel-triban-rc500-na-kolach-mavic-aksium-rozmiar-l-CID767-ID15bgdP.html
Specialized Diverge Comp E5 Gdańsk Piecki-Migowo • OLX.pl,8900.0,6627.93,Zawyżona,SPECIALIZED,,S,Nowe,https://www.olx.pl/d/oferta/specialized-diverge-comp-e5-CID767-ID155M0V.html
Rower szosowy lub gravel Triban RC 120 rozm. M Konstancin-Jeziorna • OLX.pl,1900.0,2571.6,Zaniżona,TRIBAN,2021.0,S,Używane,https://www.olx.pl/oferta/rower-szosowy-lub-gravel-triban-rc-120-rozm-m-CID767-ID15eMN4.html
Gravel Cannondale topstone rozmiar M sztywne osie Trzesieka • OLX.pl,3000.0,2430.85,Zawyżona,CANNONDALE,,S,Używane,https://www.olx.pl/oferta/gravel-cannondale-topstone-rozmiar-m-sztywne-osie-CID767-ID15dZ04.html
Gravel Kellys Scoot 30 Kędzierówka • OLX.pl,2550.0,2430.85,Średnia,KELLYS,,S,Używane,https://www.olx.pl/oferta/gravel-kellys-scoot-30-CID767-ID15fHX4.html
Rower Gravel Fitness Turystyczny Marin DSX FS rozmiar L - stan wzorowy Warszawa Wola • OLX.pl,4750.0,4529.43,Średnia,MARIN,2024.0,S,Używane,https://www.olx.pl/d/oferta/rower-gravel-fitness-turystyczny-marin-dsx-fs-rozmiar-l-stan-wzorowy-CID767-ID15bzHQ.html
Niesamowity wloski gravel Basso Palta Carbon Rival 20 rat 0 % Bielawa • OLX.pl,15999.0,14114.27,Średnia,TERN,,XS,Nowe,https://www.olx.pl/oferta/niesamowity-wloski-gravel-basso-palta-carbon-rival-20-rat-0-CID767-ID15ekGb.html
"Korba Shimano GRX FC-RX810, 2x11, 48-31, gravel, F-Vat, nowa (510) Milicz • OLX.pl",599.0,3466.51,Zaniżona,NONE,,S,Nowe,https://www.olx.pl/d/oferta/korba-shimano-grx-fc-rx810-2x11-48-31-gravel-f-vat-nowa-510-CID767-ID14EiXK.html
GERMAN ECLIPSE race gravel bike Large size frame Kraków Prądnik Biały • OLX.pl,1200.0,2458.22,Zaniżona,NONE,,S,Używane,https://www.olx.pl/oferta/german-eclipse-race-gravel-bike-large-size-frame-CID767-ID159UXy.html
Gravel Ghost Road Rage GRX rama M Warszawa Śródmieście • OLX.pl,3990.0,4631.44,Średnia,NONE,,S,Używane,https://www.olx.pl/oferta/gravel-ghost-road-rage-grx-rama-m-CID767-ID158q3l.html
"Rower gravel NS Bikes RAG+ \ L \ 28"" Sram Apex 11s Skierniewice • OLX.pl",3000.0,2779.2,Średnia,NS BIKES,,S,Używane,https://www.olx.pl/oferta/rower-gravel-ns-bikes-rag-l-28-sram-apex-11s-CID767-ID15ckjX.html
"Gravel , przełaj , Trekking  Sram AXS Stalowa Wola • OLX.pl",6750.0,5920.06,Średnia,TREK,,XS,Używane,https://www.olx.pl/oferta/gravel-przelaj-trekking-sram-axs-CID767-ID12DZl8.html
Nowy rower elektryczny Szwajcarski Flyer Bosch 625wh Rawicz Osiedle 350 Lecia Rawicza • OLX.pl,7900.0,4424.98,Zawyżona,NONE,,S,Używane,https://www.olx.pl/oferta/nowy-rower-elektryczny-szwajcarski-flyer-bosch-625wh-CID767-ID15abvs.html
Rower gravel karbon Shimano Grx Warszawa Praga-Południe • OLX.pl,4800.0,6445.77,Zaniżona,FULCRUM,,S,Używane,https://www.olx.pl/d/oferta/rower-gravel-karbon-shimano-grx-CID767-ID159OCN.html
Ridley Kanzo Adventure GRX 1x11 DI2 - rama i koła carbon Poznań Stare Miasto • OLX.pl,8000.0,7859.33,Średnia,RIDLEY,2021.0,S,Używane,https://www.olx.pl/oferta/ridley-kanzo-adventure-grx-1x11-di2-rama-i-kola-carbon-CID767-ID138Vmk.html
NOWE koła gravelowe Hunt 4 Season Gravel Disc 700C SRAM xDR 1689g FV Głogów • OLX.pl,749.9,2414.22,Zaniżona,NONE,,S,Nowe,https://www.olx.pl/oferta/nowe-kola-gravelowe-hunt-4-season-gravel-disc-700c-sram-xdr-1689g-fv-CID767-ID156K18.html
"Cannondale Topstone Carbon 5, NOWA RAMA (0km) roz. S (162 - 176cm) Warszawa Bielany • OLX.pl",10000.0,8498.21,Średnia,CANNONDALE,2025.0,S,Używane,https://www.olx.pl/oferta/cannondale-topstone-carbon-5-nowa-rama-0km-roz-s-162-176cm-CID767-ID157V4d.html
"Rower gravel Cannondale Topstone Carbon 5, rozmiar L. Karbonowe koła Poznań Jeżyce • OLX.pl",6500.0,6310.63,Średnia,CANNONDALE,2021.0,S,Używane,https://www.olx.pl/oferta/rower-gravel-cannondale-topstone-carbon-5-rozmiar-l-karbonowe-kola-CID767-ID14Zfpj.html
Gravel Kellys Soot 70 rama L Warszawa Wola • OLX.pl,3200.0,2413.19,Zawyżona,KELLYS,,S,Używane,https://www.olx.pl/d/oferta/gravel-kellys-soot-70-rama-l-CID767-ID1584hC.html
Specialized Diverge E5 Elite 2019 Mielec • OLX.pl,2999.0,2430.4,Zawyżona,SPECIALIZED,2019.0,S,Używane,https://www.olx.pl/d/oferta/specialized-diverge-e5-elite-2019-CID767-ID15fvfK.html
"Accent cx one carbon rozmiar S, GRX serii 800 1x11 Szczecin Zdroje • OLX.pl",6800.0,7946.92,Średnia,NONE,,S,Używane,https://www.olx.pl/oferta/accent-cx-one-carbon-rozmiar-s-grx-serii-800-1x11-CID767-ID154xYm.html
Sprzedam rower gravel Kona Sokołowo • OLX.pl,2490.0,2413.63,Średnia,NONE,,S,Używane,https://www.olx.pl/oferta/sprzedam-rower-gravel-kona-CID767-ID158Vc9.html
Rower Gravel romet boreas 1 lite koła 28 Przeworsk • OLX.pl,1990.0,2414.11,Średnia,ROMET,,S,Używane,https://www.olx.pl/oferta/rower-gravel-romet-boreas-1-lite-kola-28-CID767-ID14ibb8.html
"Rower gravel Kross Esker 5.0 2025 1x12 Gen2 złoty XS,M,L,XL - Śląsk Przyszowice • OLX.pl",6749.0,5706.51,Średnia,KROSS,2025.0,XS,Nowe,https://www.olx.pl/d/oferta/rower-gravel-kross-esker-5-0-2025-1x12-gen2-zloty-xs-m-l-xl-slask-CID767-ID14j8Qb.html
RIDLEY X-Bow Disc Rival GRAVEL grawel przełaj przełajowy 52 Słupia pod Kępnem • OLX.pl,3199.0,4234.29,Zaniżona,RIDLEY,,S,Używane,https://www.olx.pl/d/oferta/ridley-x-bow-disc-rival-gravel-grawel-przelaj-przelajowy-52-CID767-ID12A3QC.html
Gravel stevens supreme rozmiar 50cm GRX Szczecinek • OLX.pl,3500.0,4624.31,Zaniżona,CUBE,,S,Używane,https://www.olx.pl/oferta/gravel-stevens-supreme-rozmiar-50cm-grx-CID767-ID157krr.html
Gravel Rose Backroad GRX przebieg 1000 km Chojnice • OLX.pl,6000.0,5404.7,Średnia,ROSE,,S,Używane,https://www.olx.pl/oferta/gravel-rose-backroad-grx-przebieg-1000-km-CID767-ID15dJTU.html
Gravel Cannondale Topstone Carbon 3 (M) full GRX 820 Kraków Dębniki • OLX.pl,7499.0,8313.01,Średnia,CANNONDALE,2024.0,S,Używane,https://www.olx.pl/d/oferta/gravel-cannondale-topstone-carbon-3-m-full-grx-820-CID767-ID14WS4w.html
Rama Rowerowa GRAVEL FUJI JARI 1.1 Carbon Rozmiar 58CM Z Widelcem Żyrardów • OLX.pl,2349.0,6510.18,Zaniżona,FUJI,,S,Nowe,https://www.olx.pl/oferta/rama-rowerowa-gravel-fuji-jari-1-1-carbon-rozmiar-58cm-z-widelcem-CID767-ID15acDi.html
Rose Backroad Gravel Carbon Sram XPLR AXS Łódź Widzew • OLX.pl,9500.0,8731.14,Średnia,ROSE,,S,Używane,https://www.olx.pl/oferta/rose-backroad-gravel-carbon-sram-xplr-axs-CID767-ID15fCcD.html
Rower Monteria Massive 2.0 | Męski | Shimano | Najtaniej na OLX! Warszawa Mokotów • OLX.pl,690.0,2413.19,Zaniżona,TREK,,S,Używane,https://www.olx.pl/d/oferta/rower-monteria-massive-2-0-meski-shimano-najtaniej-na-olx-CID767-ID15eLUQ.html
"CUBE CROSS RACE DISC (przełaj/gravel), Shimano 105, Rozmiar 56 Warszawa Ursynów • OLX.pl",2999.0,2564.58,Średnia,CUBE,,S,Używane,https://www.olx.pl/oferta/cube-cross-race-disc-przelaj-gravel-shimano-105-rozmiar-56-CID767-ID15c7BU.html
"Rower gravel NS BIKES RAG+ 1 Sram APEX, pomiar mocy Rival AXS, roz. m Karniowice • OLX.pl",5600.0,4696.51,Średnia,SPECIALIZED,,XS,Używane,https://www.olx.pl/oferta/rower-gravel-ns-bikes-rag-1-sram-apex-pomiar-mocy-rival-axs-roz-m-CID767-ID15c7fd.html
Rower Cannondale topstone 3 rozmiar L Gravel Łódź Górna • OLX.pl,3500.0,2518.75,Zawyżona,CANNONDALE,2023.0,S,Używane,https://www.olx.pl/oferta/rower-cannondale-topstone-3-rozmiar-l-gravel-CID767-ID15fVda.html
Rower FOKUS gravel/fitnes XL Shimano XT/ALIVIO hydraulika SHIMANO Warszawa Bemowo • OLX.pl,2900.0,4074.56,Zaniżona,NONE,,S,Używane,https://www.olx.pl/oferta/rower-fokus-gravel-fitnes-xl-shimano-xt-alivio-hydraulika-shimano-CID767-ID15d0KL.html
Specialized Diverge Comp E5 Gdańsk Piecki-Migowo • OLX.pl,8900.0,6627.93,Zawyżona,SPECIALIZED,,S,Nowe,https://www.olx.pl/oferta/specialized-diverge-comp-e5-CID767-ID155M0V.html
Rower gravel FOCUS atlas 6.8 Bielawa • OLX.pl,7100.0,5430.57,Zawyżona,FOCUS,,S,Używane,https://www.olx.pl/oferta/rower-gravel-focus-atlas-6-8-CID767-ID14Ilus.html
"Miejski Rower Gekko Flow STR rozmiar M 18"" Hamulce Hydrauliczne Gravel Wadowice • OLX.pl",949.0,3941.05,Zaniżona,TREK,2020.0,S,Używane,https://www.olx.pl/oferta/miejski-rower-gekko-flow-str-rozmiar-m-18-hamulce-hydrauliczne-gravel-CID767-ID158VCM.html
"Koła szosa, gravel 28 cali  DT 1850 Spline Strzegom • OLX.pl",680.0,2268.45,Zaniżona,NONE,,S,Używane,https://www.olx.pl/oferta/kola-szosa-gravel-28-cali-dt-1850-spline-CID767-ID10GgtZ.html
Rower Reto kolarzówka szosa Batavus Shimano 105 gravel Poznań Łazarz • OLX.pl,1100.0,2490.69,Zaniżona,BATAVUS,,S,Używane,https://www.olx.pl/oferta/rower-reto-kolarzowka-szosa-batavus-shimano-105-gravel-CID767-ID156oEu.html
Nowy Gravel Bombtrack Beyond 2 Sram Apex 11 - 50 % Sochaczew • OLX.pl,5499.0,4482.21,Zawyżona,BOMBTRACK,,XS,Nowe,https://www.olx.pl/oferta/nowy-gravel-bombtrack-beyond-2-sram-apex-11-50-CID767-IDVGu4x.html
Gravel Kross Esker 1.0 L Poręba • OLX.pl,2350.0,2481.76,Średnia,KROSS,,S,Używane,https://www.olx.pl/oferta/gravel-kross-esker-1-0-l-CID767-ID157G12.html
Nowa Pełna grupa osprzetu Sram RED ETAP AXS FULL Rower szosa gravel Oborniki Śląskie • OLX.pl,7399.0,6269.51,Średnia,NONE,,XS,Nowe,https://www.olx.pl/oferta/nowa-pelna-grupa-osprzetu-sram-red-etap-axs-full-rower-szosa-gravel-CID767-IDX74X0.html
Triban rc100 M: 173-182 cm Rybnik • OLX.pl,750.0,2392.6,Zaniżona,TRIBAN,2023.0,S,Używane,https://www.olx.pl/oferta/triban-rc100-m-173-182-cm-CID767-ID15bSB4.html
Rower Gravel Kross ESKER 1.0 Sochaczew • OLX.pl,2399.0,2487.62,Średnia,KROSS,,S,Nowe,https://www.olx.pl/oferta/rower-gravel-kross-esker-1-0-CID767-ID154IR4.html
Giant Anyroad 1 L frameset + koła Piaseczno • OLX.pl,1350.0,2807.53,Zaniżona,GIANT,,S,Używane,https://www.olx.pl/oferta/giant-anyroad-1-l-frameset-kola-CID767-ID15dX4p.html
"Nowe koła 28 29"" dt swiss hassns gravel maszynowe łożyska Łódź Widzew • OLX.pl",899.0,2244.35,Zaniżona,NONE,,S,Nowe,https://www.olx.pl/oferta/nowe-kola-28-29-dt-swiss-hassns-gravel-maszynowe-lozyska-CID767-ID13ghfQ.html
TREK Checkpoint ALR5 flatbar roz 58” Pieszyce • OLX.pl,4800.0,4924.8,Średnia,TREK,,S,Używane,https://www.olx.pl/oferta/trek-checkpoint-alr5-flatbar-roz-58-CID767-ID15a2a2.html
Rower męski BMC  URS TWO. H  I inne rowery z Holandii. Warszawa Rembertów • OLX.pl,6999.0,7605.88,Średnia,BMC,,S,Używane,https://www.olx.pl/oferta/rower-meski-bmc-urs-two-h-i-inne-rowery-z-holandii-CID767-ID15eIGj.html
Włoski Gravel Basso Palta Full Carbon Kraków Grzegórzki • OLX.pl,7400.0,6957.53,Średnia,NIEZNANA,,S,Używane,https://www.olx.pl/oferta/wloski-gravel-basso-palta-full-carbon-CID767-ID15af4s.html
Gravel Rondo ruut AL1 rozmiar S /52 Warszawa Żoliborz • OLX.pl,4666.0,5001.5,Średnia,RONDO,2021.0,XS,Używane,https://www.olx.pl/oferta/gravel-rondo-ruut-al1-rozmiar-s-52-CID767-ID14UpKL.html
Unikatowy Retro Gravel Restomod – Idealny na szosę i offroad Poznań Stare Miasto • OLX.pl,980.0,2473.09,Zaniżona,NIEZNANA,,S,Używane,https://www.olx.pl/oferta/unikatowy-retro-gravel-restomod-idealny-na-szose-i-offroad-CID767-ID12qNh5.html
Merida Speeder 400 Shimano 105 2x11 alu/carbon rama S fitness gravel Warszawa Wola • OLX.pl,3499.0,4206.72,Średnia,MERIDA,,S,Używane,https://www.olx.pl/oferta/merida-speeder-400-shimano-105-2x11-alu-carbon-rama-s-fitness-gravel-CID767-ID15fvhQ.html
Klasyk Univega Alpina 7sl Disc XT XTR Lublin • OLX.pl,1600.0,4060.22,Zaniżona,NONE,,S,Używane,https://www.olx.pl/oferta/klasyk-univega-alpina-7sl-disc-xt-xtr-CID767-ID15fz85.html
Rower Specialized Diverge Elite E5 - Gravel - rozm. 52 - IDEALNY !!! Wrocław Krzyki • OLX.pl,6999.0,5159.07,Zawyżona,SPECIALIZED,2023.0,S,Używane,https://www.olx.pl/oferta/rower-specialized-diverge-elite-e5-gravel-rozm-52-idealny-CID767-ID14L8FF.html
Romet Nyk 56 gravel Pabianice • OLX.pl,6000.0,7415.94,Średnia,ROMET,2024.0,S,Używane,https://www.olx.pl/oferta/romet-nyk-56-gravel-CID767-ID15c0UT.html
Super GRAVEL !! Okazja!! Białogard • OLX.pl,4500.0,4744.9,Średnia,NONE,,S,Używane,https://www.olx.pl/oferta/super-gravel-okazja-CID767-ID154v6M.html
Rower gravel prosta kierownica Marin DSX ROZMIARY RATY 0% Skórzewo • OLX.pl,2699.0,4149.41,Zaniżona,MARIN,,S,Nowe,https://www.olx.pl/oferta/rower-gravel-prosta-kierownica-marin-dsx-rozmiary-raty-0-CID767-ID11DmwG.html
Rower Gravel - Kross Esker 1.0 rok 2022 rozmiar M - Napęd 1x8 Katowice Wełnowiec-Józefowiec • OLX.pl,2300.0,2769.28,Średnia,KROSS,2022.0,S,Używane,https://www.olx.pl/oferta/rower-gravel-kross-esker-1-0-rok-2022-rozmiar-m-naped-1x8-CID767-ID15cTpO.html
Rower Gravel Romet Aspre 2 2021 rozmiar 58cm Gdańsk Ujeścisko - Łostowice • OLX.pl,3299.0,4050.68,Średnia,ROMET,2021.0,S,Używane,https://www.olx.pl/oferta/rower-gravel-romet-aspre-2-2021-rozmiar-58cm-CID767-ID15c7rD.html
Kellys SOOT 50 2022 M gravel GRX Warszawa Białołęka • OLX.pl,3799.0,4764.72,Zaniżona,NONE,2022.0,S,Używane,https://www.olx.pl/oferta/kellys-soot-50-2022-m-gravel-grx-CID767-ID15enVc.html
Rower meski Kross Esker 2.0 jak nowy Świeszyno • OLX.pl,2400.0,2536.78,Średnia,KROSS,,S,Używane,https://www.olx.pl/oferta/rower-meski-kross-esker-2-0-jak-nowy-CID767-ID15eIH0.html
Kross Esker 2.0 Gwarancja Nowy Dwór Mazowiecki • OLX.pl,3299.0,2594.69,Zawyżona,KROSS,,S,Używane,https://www.olx.pl/oferta/kross-esker-2-0-gwarancja-CID767-ID157QhE.html
Romet Boreas 1 Lite 56cm (L) Święta Katarzyna • OLX.pl,2500.0,2520.7,Średnia,ROMET,2022.0,S,Używane,https://www.olx.pl/oferta/romet-boreas-1-lite-56cm-l-CID767-ID15ffZ3.html
Rower gravel Triban GRAVEL 120 rozmiar M Olsztyn • OLX.pl,1900.0,2473.09,Zaniżona,TRIBAN,,S,Używane,https://www.olx.pl/oferta/rower-gravel-triban-gravel-120-rozmiar-m-CID767-ID15ewNv.html
Rower gravel Sensa Fermo SL 105 Kraków Prądnik Biały • OLX.pl,3333.0,2683.57,Zawyżona,NONE,,S,Używane,https://www.olx.pl/oferta/rower-gravel-sensa-fermo-sl-105-CID767-ID15aWtG.html
"Rower Orbea Terra H40 Disc , czarny mat Bochnia • OLX.pl",6500.0,5163.18,Zawyżona,ORBEA,2020.0,S,Używane,https://www.olx.pl/oferta/rower-orbea-terra-h40-disc-czarny-mat-CID767-ID15fg0j.html
Rower szosowy btwin triban RC100 L Doinwestowany ( szosa gravel ) Brodnica • OLX.pl,999.0,2414.73,Zaniżona,MERIDA,,S,Używane,https://www.olx.pl/oferta/rower-szosowy-btwin-triban-rc100-l-doinwestowany-szosa-gravel-CID767-ID15bvhF.html
Sprzedam sprawny zadbany rower Gravel Maszewo • OLX.pl,1500.0,2522.18,Zaniżona,NIEZNANA,,S,Używane,https://www.olx.pl/oferta/sprzedam-sprawny-zadbany-rower-gravel-CID767-ID15g7yD.html
Canyon Grail On Cf7  E Gravel Mogilno • OLX.pl,11500.0,10918.49,Średnia,CANYON,,S,Używane,https://www.olx.pl/oferta/canyon-grail-on-cf7-e-gravel-CID767-ID15fY5w.html
KROSS ESKER 4.0 L Tiagra Warszawa Praga-Południe • OLX.pl,2500.0,2457.78,Średnia,KROSS,,S,Używane,https://www.olx.pl/oferta/kross-esker-4-0-l-tiagra-CID767-ID15fL4q.html
Nowa rama Fuji Cube Frame set Szosa Gravel + widelec + stery Rozmiary Sochaczew • OLX.pl,849.0,2394.23,Zaniżona,CUBE,,S,Nowe,https://www.olx.pl/oferta/nowa-rama-fuji-cube-frame-set-szosa-gravel-widelec-stery-rozmiary-CID767-ID14E3P4.html
KANDS toro Claris L Warszawa Wola • OLX.pl,2300.0,2481.76,Średnia,NONE,,S,Używane,https://www.olx.pl/oferta/kands-toro-claris-l-CID767-ID14XA5V.html
"CUBE AIM EX carmel/black rozmiar L 20""Koła 29.Nowy Markowizna • OLX.pl",3000.0,4148.85,Zaniżona,CUBE,,S,Nowe,https://www.olx.pl/oferta/cube-aim-ex-carmel-black-rozmiar-l-20-kola-29-nowy-CID767-ID13QXGv.html
Rower gravel Whyte Friston V2 SRAM Apex 1 roz. 56 cm Gdańsk Wrzeszcz • OLX.pl,4500.0,4190.78,Średnia,NIEZNANA,,S,Używane,https://www.olx.pl/oferta/rower-gravel-whyte-friston-v2-sram-apex-1-roz-56-cm-CID767-ID153SQB.html
Kross Esker 1.0 M Turek • OLX.pl,2290.0,2450.95,Średnia,KROSS,,S,Używane,https://www.olx.pl/oferta/kross-esker-1-0-m-CID767-ID15bJ5O.html
"ROSE Multistreet 2 Shimano GRX JAK NOWY 2x10 Karbonowy widelec 21"" Lublin • OLX.pl",3800.0,4083.81,Średnia,ROSE,,S,Używane,https://www.olx.pl/oferta/rose-multistreet-2-shimano-grx-jak-nowy-2x10-karbonowy-widelec-21-CID767-ID15cY89.html
Rower gravel SENSA Giulia Gravel PRO Carbon Shimano GRX 2x12 2025 Nowy Skórzewo • OLX.pl,8499.0,10855.93,Zaniżona,NONE,2025.0,S,Nowe,https://www.olx.pl/oferta/rower-gravel-sensa-giulia-gravel-pro-carbon-shimano-grx-2x12-2025-nowy-CID767-IDZ1Iil.html
Scott Speedster Gravel 30 Warszawa Ochota • OLX.pl,4600.0,4787.48,Średnia,SCOTT,,S,Używane,https://www.olx.pl/oferta/scott-speedster-gravel-30-CID767-ID15bDI6.html
Rower Gravel CANYON ROADLITE 6 R092 Koła 28 Cali Rama M 52 cm JAK NOWY Łódź Widzew • OLX.pl,2999.0,4090.43,Zaniżona,CANYON,,S,Używane,https://www.olx.pl/oferta/rower-gravel-canyon-roadlite-6-r092-kola-28-cali-rama-m-52-cm-jak-nowy-CID767-ID15fVGk.html
"Ładny gravel, tarcze,M-ka. Zagórze • OLX.pl",2500.0,2391.97,Średnia,CUBE,,S,Używane,https://www.olx.pl/d/oferta/ladny-gravel-tarcze-m-ka-CID767-ID14MDAG.html
"Rower gravel Ridley Kanzo A GRX rozmiar XS/S rama 51,5 cm | GWARANCJA Kraków Bronowice • OLX.pl",5400.0,4870.41,Średnia,RIDLEY,2025.0,S,Używane,https://www.olx.pl/d/oferta/rower-gravel-ridley-kanzo-a-grx-rozmiar-xs-s-rama-51-5-cm-gwarancja-CID767-ID14I8KP.html
Niesamowity wloski gravel Basso Palta Carbon GRX   20x 0 % Dzierżoniów • OLX.pl,13999.0,13172.38,Średnia,TERN,,S,Nowe,https://www.olx.pl/d/oferta/niesamowity-wloski-gravel-basso-palta-carbon-grx-20x-0-CID767-ID15ewya.html
Rower gravelowy M-BIKE GRV 100 50 cm szary gravel nowy Kraków Dębniki • OLX.pl,2800.0,2564.58,Średnia,NIEZNANA,,S,Nowe,https://www.olx.pl/d/oferta/rower-gravelowy-m-bike-grv-100-50-cm-szary-gravel-nowy-CID767-ID1594Wz.html
Gravel Stevens Prestige roz.56cm grx 2x11s. Oborniki • OLX.pl,4199.0,4726.93,Średnia,FULCRUM,2024.0,S,Używane,https://www.olx.pl/d/oferta/gravel-stevens-prestige-roz-56cm-grx-2x11s-CID767-ID155iC3.html
Author Ronin custom gravel 58 Piastów • OLX.pl,3399.0,4837.1,Zaniżona,NIEZNANA,,S,Używane,https://www.olx.pl/d/oferta/author-ronin-custom-gravel-58-CID767-ID15d460.html
Rower Sensa Fermo przełajowy/Gravel Bezrzecze • OLX.pl,1200.0,2414.73,Zaniżona,NONE,,S,Używane,https://www.olx.pl/d/oferta/rower-sensa-fermo-przelajowy-gravel-CID767-ID159Ft3.html
Gravel Dema grid 3 Kielanówka • OLX.pl,3200.0,2970.81,Średnia,NONE,2024.0,S,Używane,https://www.olx.pl/d/oferta/gravel-dema-grid-3-CID767-ID14HCRW.html
"Rower Specialized Awol Ultegra Tiagra ,105 roz. M Starachowice • OLX.pl",3199.0,2418.33,Zawyżona,SPECIALIZED,,S,Używane,https://www.olx.pl/d/oferta/rower-specialized-awol-ultegra-tiagra-105-roz-m-CID767-ID15dmDa.html
Scott Addict Gravel Tuned - rozmiar 54/M Katowice Osiedle Paderewskiego-Muchowiec • OLX.pl,25999.0,21163.23,Zawyżona,SCOTT,2022.0,XS,Używane,https://www.olx.pl/d/oferta/scott-addict-gravel-tuned-rozmiar-54-m-CID767-ID15fSxN.html
Rower Gravel BMC Urs ONE Carbon Bytom • OLX.pl,7799.0,7218.77,Średnia,BMC,2023.0,S,Używane,https://www.olx.pl/d/oferta/rower-gravel-bmc-urs-one-carbon-CID767-ID14fPYc.html
Rower Gravel Bergamot Fitness Kaszyce Wielkie • OLX.pl,2200.0,2383.83,Średnia,NIEZNANA,,S,Używane,https://www.olx.pl/d/oferta/rower-gravel-bergamot-fitness-CID767-ID14JjNj.html
Gravel CANNONDALE Topstone Carbon 3 rozmiar L - czarny Białystok Antoniuk • OLX.pl,8800.0,7673.34,Średnia,CANNONDALE,2023.0,S,Używane,https://www.olx.pl/d/oferta/gravel-cannondale-topstone-carbon-3-rozmiar-l-czarny-CID767-ID154fxj.html
Rondo Rutt CF 2 2x - roz. L Gliwice Żerniki • OLX.pl,5500.0,6262.31,Średnia,RONDO,2023.0,S,Używane,https://www.olx.pl/d/oferta/rondo-rutt-cf-2-2x-roz-l-CID767-IDTKPDf.html
Rower Gravel NS BIKES RAG+ 1 | Rozmiar M Warszawa Ursynów • OLX.pl,4799.0,4421.39,Średnia,RONDO,2024.0,S,Używane,https://www.olx.pl/d/oferta/rower-gravel-ns-bikes-rag-1-rozmiar-m-CID767-ID14okuG.html
Merida Silex 400 rozm. S (2022) Kraków Podgórze • OLX.pl,3700.0,4360.74,Średnia,CUBE,2022.0,S,Używane,https://www.olx.pl/d/oferta/merida-silex-400-rozm-s-2022-CID767-ID14OnZK.html
Surly Karate Monkey r. L Skierniewice • OLX.pl,3500.0,4208.07,Średnia,SURLY,,S,Używane,https://www.olx.pl/d/oferta/surly-karate-monkey-r-l-CID767-ID15g1Ac.html
"CUBE CROSS RACE DISC (przełaj/gravel), Shimano 105, Rozmiar 56 Kraków Prądnik Czerwony • OLX.pl",2999.0,2564.58,Średnia,CUBE,,S,Używane,https://www.olx.pl/d/oferta/cube-cross-race-disc-przelaj-gravel-shimano-105-rozmiar-56-CID767-ID15c7qq.html
Lekki rower elektryczny FIIDO C21 E-GRAVEL 17.5 kg 36V Aluminiowy /S Gliwice Szobiszowice • OLX.pl,5200.0,4140.32,Zawyżona,NONE,,S,Nowe,https://www.olx.pl/d/oferta/lekki-rower-elektryczny-fiido-c21-e-gravel-17-5-kg-36v-aluminiowy-s-CID767-ID149XCZ.html
Specialized CRUX Bartoszyce • OLX.pl,7600.0,7704.43,Średnia,SPECIALIZED,,S,Używane,https://www.olx.pl/d/oferta/specialized-crux-CID767-ID15bsic.html
Nowy rower Gravel SENSA ROMAGNA Gravel 2025 Shimano GRX 2x12 raty 0% Skórzewo • OLX.pl,6499.0,5804.64,Średnia,TERN,2025.0,S,Nowe,https://www.olx.pl/d/oferta/nowy-rower-gravel-sensa-romagna-gravel-2025-shimano-grx-2x12-raty-0-CID767-ID120Th7.html
Rower Gravel Cube Nuroad N Drawsko • OLX.pl,2850.0,2595.57,Średnia,CUBE,,S,Używane,https://www.olx.pl/d/oferta/rower-gravel-cube-nuroad-n-CID767-ID159bV6.html
Marin Four Corners XL 2023 Warszawa Wola • OLX.pl,2900.0,2452.98,Średnia,TREK,2023.0,S,Używane,https://www.olx.pl/d/oferta/marin-four-corners-xl-2023-CID767-ID14PKzp.html
"Rower gravel Lupo Dolomite II GRX600/800, L / XL OKAZJA Matysówka • OLX.pl",4450.0,4631.97,Średnia,NONE,,S,Nowe,https://www.olx.pl/d/oferta/rower-gravel-lupo-dolomite-ii-grx600-800-l-xl-okazja-CID767-ID159OrQ.html
Bianchi Impulso allroad gravel full GRX Bobrowniki • OLX.pl,4699.0,5034.95,Średnia,GT,,S,Używane,https://www.olx.pl/d/oferta/bianchi-impulso-allroad-gravel-full-grx-CID767-ID15171F.html
Ridgeback Advance 5. Gravel Chełmno • OLX.pl,1800.0,2430.4,Zaniżona,NONE,,S,Używane,https://www.olx.pl/d/oferta/ridgeback-advance-5-gravel-CID767-ID12YnBp.html
Nowy RONDO Mylc st 1 Grx tv 23%  L Gravel  Wyprzedaz Warszawa Bemowo • OLX.pl,5799.0,5580.61,Średnia,RONDO,,XS,Nowe,https://www.olx.pl/d/oferta/nowy-rondo-mylc-st-1-grx-tv-23-l-gravel-wyprzedaz-CID767-ID12kF0K.html
ROSE Backroad FF SRAM Red XPLR AXS 1x13 wyścigowy karbonowy gravel XL Nowy Targ • OLX.pl,26999.0,21369.15,Zawyżona,ROSE,2024.0,XS,Nowe,https://www.olx.pl/oferta/rose-backroad-ff-sram-red-xplr-axs-1x13-wyscigowy-karbonowy-gravel-xl-CID767-ID156906.html
"Sprzedam rower miejski Carbonowy 8kg trekking,szosa,gravel,singlespeed Brzeszcze • OLX.pl",1000.0,4112.08,Zaniżona,TREK,,S,Używane,https://www.olx.pl/oferta/sprzedam-rower-miejski-carbonowy-8kg-trekking-szosa-gravel-singlespeed-CID767-ID1566YX.html
Romet Boreas 1 Lite rozmiar 56 L GRAVEL Banino • OLX.pl,2600.0,2649.78,Średnia,ROMET,2023.0,S,Używane,https://www.olx.pl/oferta/romet-boreas-1-lite-rozmiar-56-l-gravel-CID767-ID15dnuN.html
Gravel White GX Pro 2x10 shimano GRX rozmiar S bdb!! Wrocław Fabryczna • OLX.pl,4100.0,4762.01,Średnia,NONE,,S,Używane,https://www.olx.pl/oferta/gravel-white-gx-pro-2x10-shimano-grx-rozmiar-s-bdb-CID767-ID14WZtO.html
Canyon Grail On Cf7  E Gravel Mogilno • OLX.pl,11500.0,10918.49,Średnia,CANYON,,S,Używane,https://www.olx.pl/oferta/canyon-grail-on-cf7-e-gravel-CID767-ID15fY5w.html
Rower gravel Fuji Jari 2.1 Łódź Śródmieście • OLX.pl,3999.0,3024.16,Zawyżona,FUJI,,S,Używane,https://www.olx.pl/oferta/rower-gravel-fuji-jari-2-1-CID767-ID15fTRs.html
Nowy rower gravel SENSA ROMAGNA Gravel SE Shimano GRX 2x12 Super Cena! Skórzewo • OLX.pl,6999.0,5522.98,Zawyżona,TERN,2025.0,S,Nowe,https://www.olx.pl/oferta/nowy-rower-gravel-sensa-romagna-gravel-se-shimano-grx-2x12-super-cena-CID767-ID14PTAz.html
Gravel 3t exploro ultra 56 carbon disc 650b sram axs Jarocin • OLX.pl,8800.0,8165.94,Średnia,ROSE,,XS,Używane,https://www.olx.pl/oferta/gravel-3t-exploro-ultra-56-carbon-disc-650b-sram-axs-CID767-ID15fjDc.html
Rower gravel Orbea Terra  M Zgierz • OLX.pl,6550.0,4269.64,Zawyżona,ORBEA,,S,Używane,https://www.olx.pl/oferta/rower-gravel-orbea-terra-m-CID767-ID12A6wZ.html
Gravel Canyon Grail CF SLX 8 carbon S hover bar Zakręt • OLX.pl,8390.0,7298.94,Średnia,CANYON,,S,Używane,https://www.olx.pl/oferta/gravel-canyon-grail-cf-slx-8-carbon-s-hover-bar-CID767-ID15cMAE.html
Rower Gravel CUBE Nuroad Race GRX 800 Tarcze Hydraulika 2022 L/58 Garwolin • OLX.pl,3700.0,5204.6,Zaniżona,CUBE,2022.0,S,Używane,https://www.olx.pl/oferta/rower-gravel-cube-nuroad-race-grx-800-tarcze-hydraulika-2022-l-58-CID767-ID15ajT3.html
Marin Nicasio+ 56cm Katowice Brynów-cz. Wsch.-Osiedle Zgrzebioka • OLX.pl,2500.0,2435.32,Średnia,MARIN,,S,Używane,https://www.olx.pl/oferta/marin-nicasio-56cm-CID767-ID15fsgA.html
"Triban RC100, rozmiar L. Na gwarancji Warszawa Praga-Południe • OLX.pl",1000.0,2395.82,Zaniżona,TRIBAN,2024.0,S,Używane,https://www.olx.pl/oferta/triban-rc100-rozmiar-l-na-gwarancji-CID767-ID15dtOE.html
Gravel Merida Secultura 200 Toruń • OLX.pl,1800.0,2413.63,Zaniżona,MERIDA,,S,Używane,https://www.olx.pl/oferta/gravel-merida-secultura-200-CID767-ID15fh2o.html
Rower gravel fitness Cube na pasku Wrocław Stare Miasto • OLX.pl,3990.0,4602.98,Średnia,CUBE,2022.0,S,Używane,https://www.olx.pl/oferta/rower-gravel-fitness-cube-na-pasku-CID767-ID15fiy6.html
"Carbonowy Rower Accent CX-ONE Sram Apex AXS 8,6kg Słubice • OLX.pl",8999.0,9799.9,Średnia,NIEZNANA,,XS,Używane,https://www.olx.pl/oferta/carbonowy-rower-accent-cx-one-sram-apex-axs-8-6kg-CID767-ID154RCl.html
Gravel Giant Revolt 2 rozmiar M Olkusz • OLX.pl,3450.0,2564.58,Zawyżona,GIANT,,S,Używane,https://www.olx.pl/oferta/gravel-giant-revolt-2-rozmiar-m-CID767-ID15caDo.html
Cube cross race  pro 105 shimano  / gravel / przełaj Marki • OLX.pl,3100.0,2880.69,Średnia,CUBE,,S,Używane,https://www.olx.pl/oferta/cube-cross-race-pro-105-shimano-gravel-przelaj-CID767-ID12Ehvw.html
Rower Gravel Giant Revolt Advanced 0 kierownica carbon Katowice Bogucice • OLX.pl,10499.0,8838.5,Średnia,SPECIALIZED,2024.0,S,Używane,https://www.olx.pl/oferta/rower-gravel-giant-revolt-advanced-0-kierownica-carbon-CID767-ID12XMGF.html
Rower szosowy 100% SPRAWNY NA KAŻDY WZROST gravel szosa kolarka Kraków Podgórze Duchackie • OLX.pl,700.0,2437.19,Zaniżona,NONE,,S,Używane,https://www.olx.pl/oferta/rower-szosowy-100-sprawny-na-kazdy-wzrost-gravel-szosa-kolarka-CID767-ID14F0eN.html
Rower gravel Romet męski Chocianów • OLX.pl,2500.0,2378.6,Średnia,ROMET,,S,Używane,https://www.olx.pl/oferta/rower-gravel-romet-meski-CID767-ID15cqX6.html
TREK domane AL4 gravel road+ r44 sztywne osie HYDRAULIKA Oborniki • OLX.pl,4444.0,4066.81,Średnia,TREK,2000.0,S,Używane,https://www.olx.pl/oferta/trek-domane-al4-gravel-road-r44-sztywne-osie-hydraulika-CID767-ID15awE1.html
Rondo Rutt CF 2 2x - roz. L Gliwice Żerniki • OLX.pl,5500.0,6262.31,Średnia,RONDO,2023.0,S,Używane,https://www.olx.pl/oferta/rondo-rutt-cf-2-2x-roz-l-CID767-IDTKPDf.html
Kross Esker 4.0 Warszawa Praga-Południe • OLX.pl,3200.0,4742.5,Zaniżona,KROSS,,S,Używane,https://www.olx.pl/oferta/kross-esker-4-0-CID767-ID15bQd2.html
"SCOTT SPEEDSTER CX20 DISC (przełaj/gravel), Shimano Tiagra, Rozmiar 54 Warszawa Ursynów • OLX.pl",2799.0,2584.46,Średnia,SCOTT,,S,Używane,https://www.olx.pl/oferta/scott-speedster-cx20-disc-przelaj-gravel-shimano-tiagra-rozmiar-54-CID767-ID15c8GT.html
Rama LOCA Bikes gravel XL 59cm Łódź Polesie • OLX.pl,1499.0,3053.64,Zaniżona,NONE,,S,Używane,https://www.olx.pl/oferta/rama-loca-bikes-gravel-xl-59cm-CID767-ID15f5oq.html
Triban gravel 120 Wrocław Psie Pole • OLX.pl,2400.0,2413.19,Średnia,TRIBAN,,S,Używane,https://www.olx.pl/oferta/triban-gravel-120-CID767-ID15g3ta.html
ROSE Backroad Shimano GRX RX820 1x12 PIĘKNY karbonowy BESTSELLER 57 Nowy Targ • OLX.pl,11899.0,13163.14,Średnia,ROSE,2024.0,S,Nowe,https://www.olx.pl/oferta/rose-backroad-shimano-grx-rx820-1x12-piekny-karbonowy-bestseller-57-CID767-ID1563Bl.html
Rower gravel FUJI Jari 1.1 GRX 810 NOWY Konstancin-Jeziorna • OLX.pl,5599.0,5526.55,Średnia,FUJI,,S,Nowe,https://www.olx.pl/oferta/rower-gravel-fuji-jari-1-1-grx-810-nowy-CID767-ID14Cs4w.html
Koła rowerowe Mavic Allroad 700 disc gravel przełaj Komplet Puszczykowo • OLX.pl,825.0,2502.98,Zaniżona,NONE,,S,Używane,https://www.olx.pl/oferta/kola-rowerowe-mavic-allroad-700-disc-gravel-przelaj-komplet-CID767-ID14ETQX.html
Kross esker 1.0 Gravel rozm. L Piekary Śląskie • OLX.pl,2450.0,2392.6,Średnia,KROSS,2025.0,S,Używane,https://www.olx.pl/oferta/kross-esker-1-0-gravel-rozm-l-CID767-ID15fYqw.html
"Rower  Nowy gravel Stevens Camino 2x12 GRX carbon Gavere  r61, 54 XL , Wrocław Fabryczna • OLX.pl",8500.0,5448.0,Zawyżona,NIEZNANA,2025.0,S,Nowe,https://www.olx.pl/oferta/rower-nowy-gravel-stevens-camino-2x12-grx-carbon-gavere-r61-54-xl-CID767-ID15bmFU.html
"Carbonowy Rower Accent CX-ONE Sram Apex AXS 8,6kg Słubice • OLX.pl",8999.0,9799.9,Średnia,NIEZNANA,,XS,Używane,https://www.olx.pl/oferta/carbonowy-rower-accent-cx-one-sram-apex-axs-8-6kg-CID767-ID154RCl.html
"Cube Cross Race SL S/53 Gravel, przełaj, endurance Warszawa Mokotów • OLX.pl",4500.0,4686.91,Średnia,CUBE,,S,Używane,https://www.olx.pl/oferta/cube-cross-race-sl-s-53-gravel-przelaj-endurance-CID767-ID10tCNQ.html
Rower MARIN Lombard - Gravel / Szosa Kielce • OLX.pl,1750.0,2540.11,Zaniżona,MARIN,,S,Używane,https://www.olx.pl/oferta/rower-marin-lombard-gravel-szosa-CID767-ID15fXDK.html
Nowy Gravel Bulls Grinder 2 Shimano GRX 2x10 51 Cm Rzeszów • OLX.pl,4599.0,4814.92,Średnia,NONE,,S,Nowe,https://www.olx.pl/oferta/nowy-gravel-bulls-grinder-2-shimano-grx-2x10-51-cm-CID767-ID159DWv.html
Rower gravel triban 120 rozm L Warszawa Włochy • OLX.pl,2500.0,2435.32,Średnia,TRIBAN,,S,Używane,https://www.olx.pl/oferta/rower-gravel-triban-120-rozm-l-CID767-ID15eYST.html
"Rower LOCA, GRAVEL Shimano GRX810 Gdańsk Wzgórze Mickiewicza • OLX.pl",10900.0,5910.45,Zawyżona,NONE,,S,Używane,https://www.olx.pl/d/oferta/rower-loca-gravel-shimano-grx810-CID767-ID13KFdi.html
Mustang Gravelll Miastko • OLX.pl,2100.0,4246.83,Zaniżona,NIEZNANA,,S,Używane,https://www.olx.pl/oferta/mustang-gravelll-CID767-ID1581WW.html
Gravel Pafaro Jura - 55 / GRX 1x11 - Karbon + Gratisy Stalowa Wola • OLX.pl,5850.0,7840.43,Zaniżona,NIEZNANA,,S,Używane,https://www.olx.pl/oferta/gravel-pafaro-jura-55-grx-1x11-karbon-gratisy-CID767-ID14TCCV.html
Gravel Romet Boreas 1 Lite Rozmiar 56 Lubań • OLX.pl,2600.0,4142.3,Zaniżona,ROMET,2023.0,S,Używane,https://www.olx.pl/d/oferta/gravel-romet-boreas-1-lite-rozmiar-56-CID767-ID14V4Io.html
Rondo Ruut AL 2 S Black /Black Jak nowy! Warszawa Mokotów • OLX.pl,5500.0,4604.87,Średnia,RONDO,2022.0,S,Używane,https://www.olx.pl/oferta/rondo-ruut-al-2-s-black-black-jak-nowy-CID767-ID14OGp2.html
Unikatowy Retro Gravel Restomod – Idealny na szosę i offroad Poznań Stare Miasto • OLX.pl,980.0,2473.09,Zaniżona,NIEZNANA,,S,Używane,https://www.olx.pl/oferta/unikatowy-retro-gravel-restomod-idealny-na-szose-i-offroad-CID767-ID12qNh5.html
Specjalized Crux E5 Gravel Stare Pieścirogi • OLX.pl,5400.0,4821.87,Średnia,SPECIALIZED,,S,Używane,https://www.olx.pl/oferta/specjalized-crux-e5-gravel-CID767-ID15fZ9t.html
Rower Gravel NS BIKES RAG+ 1 | Rozmiar M Warszawa Ursynów • OLX.pl,4799.0,4421.39,Średnia,RONDO,2024.0,S,Używane,https://www.olx.pl/oferta/rower-gravel-ns-bikes-rag-1-rozmiar-m-CID767-ID14okuG.html
Canyon commuter UO22 alfine 11 pasek miejski trekingowy Warszawa Ursynów • OLX.pl,3999.0,4037.3,Średnia,TREK,,S,Używane,https://www.olx.pl/d/oferta/canyon-commuter-uo22-alfine-11-pasek-miejski-trekingowy-CID767-ID151Y1C.html
Rdowdrr gravel Apex Pogórze • OLX.pl,5350.0,4836.46,Średnia,NONE,,S,Nowe,https://www.olx.pl/oferta/rdowdrr-gravel-apex-CID767-ID15ef94.html
"Rower gravel Kross Esker 6.0 2025 2x12 Gen2 czarny S,M,L,XL Nowy Śląsk Przyszowice • OLX.pl",7649.0,6003.38,Zawyżona,KROSS,2025.0,XS,Nowe,https://www.olx.pl/oferta/rower-gravel-kross-esker-6-0-2025-2x12-gen2-czarny-s-m-l-xl-nowy-slask-CID767-ID13eImu.html
Fuji Jari 1.1 52cm GRX 2x11 Powystawowy Gravel Warszawa Mokotów • OLX.pl,5499.0,5257.16,Średnia,FUJI,,S,Używane,https://www.olx.pl/oferta/fuji-jari-1-1-52cm-grx-2x11-powystawowy-gravel-CID767-ID15d5yJ.html
Gravel Rose Backroad carbon (57) GRX 800 1x11 jak nowy Kraków Prądnik Czerwony • OLX.pl,7899.0,7637.45,Średnia,ROSE,,S,Używane,https://www.olx.pl/oferta/gravel-rose-backroad-carbon-57-grx-800-1x11-jak-nowy-CID767-ID150fFz.html
"Rower gravel OCTANE ONE Gridd / Rozmiar koła: 28"", rama: 57cm Katowice Osiedle Tysiąclecia • OLX.pl",3900.0,2706.59,Zawyżona,NIEZNANA,,S,Używane,https://www.olx.pl/d/oferta/rower-gravel-octane-one-gridd-rozmiar-kola-28-rama-57cm-CID767-ID15f3gw.html
Romet ASPRE 1 54 RAMA 2023r Pstrągowa • OLX.pl,2700.0,2453.67,Średnia,ROMET,,S,Używane,https://www.olx.pl/oferta/romet-aspre-1-54-rama-2023r-CID767-ID15aBzB.html
Specialized crux 58 przełaj gravel Wrocław Fabryczna • OLX.pl,9500.0,7522.01,Zawyżona,SPECIALIZED,2020.0,S,Używane,https://www.olx.pl/d/oferta/specialized-crux-58-przelaj-gravel-CID767-ID15ea5d.html
Romet Boreas 1 Lite 2024 gravel Warszawa Wola • OLX.pl,2600.0,2737.58,Średnia,ROMET,2024.0,S,Używane,https://www.olx.pl/oferta/romet-boreas-1-lite-2024-gravel-CID767-ID15fLs3.html
J.Guillem Atalaya grawel tytanowy Płońsk • OLX.pl,17800.0,13520.45,Zawyżona,NONE,,XS,Nowe,https://www.olx.pl/oferta/j-guillem-atalaya-grawel-tytanowy-CID767-ID11x9nb.html
NS Bikes RAG+2 z hydrauliką rozm S Warszawa Białołęka • OLX.pl,4099.0,4345.14,Średnia,NS BIKES,2021.0,S,Używane,https://www.olx.pl/oferta/ns-bikes-rag-2-z-hydraulika-rozm-s-CID767-ID15dEMO.html
Rower Gravel/Fitness Cube SL Road SL Ultegra Białystok Skorupy • OLX.pl,4790.0,3989.82,Zawyżona,CUBE,,S,Używane,https://www.olx.pl/oferta/rower-gravel-fitness-cube-sl-road-sl-ultegra-CID767-ID15e1S0.html
TURBO oferta rower gravel Felt Broam 40 GRX RATY 0% Nowy Gwarancja FV Skórzewo • OLX.pl,3999.0,5030.68,Zaniżona,FELT,,S,Nowe,https://www.olx.pl/oferta/turbo-oferta-rower-gravel-felt-broam-40-grx-raty-0-nowy-gwarancja-fv-CID767-ID14T8GL.html
Specialized Diverge E5 rozm. 52 Siedlce • OLX.pl,6350.0,5204.64,Zawyżona,SPECIALIZED,,S,Używane,https://www.olx.pl/oferta/specialized-diverge-e5-rozm-52-CID767-ID15eQ54.html
Gravel Rose backroad FF rozmiar M oraz  M/L grx di2 pomiar mocy f vat Lublin • OLX.pl,21500.0,14023.15,Zawyżona,ROSE,,S,Nowe,https://www.olx.pl/d/oferta/gravel-rose-backroad-ff-rozmiar-m-oraz-m-l-grx-di2-pomiar-mocy-f-vat-CID767-ID15dbI7.html
Romet Aspre 2 2021 rozmiar 56 Rumia • OLX.pl,3500.0,4990.96,Zaniżona,ROMET,2021.0,S,Używane,https://www.olx.pl/oferta/romet-aspre-2-2021-rozmiar-56-CID767-ID12wT7v.html
Nowe koła 28 29 gravel dt swiss hassns łożyska maszynowe Łódź Widzew • OLX.pl,899.0,2244.35,Zaniżona,NONE,,S,Nowe,https://www.olx.pl/oferta/nowe-kola-28-29-gravel-dt-swiss-hassns-lozyska-maszynowe-CID767-ID13h5D2.html
Romet aspre 1 gravel szosa rozmiar 56 Oława • OLX.pl,2700.0,2431.32,Średnia,ROMET,,S,Używane,https://www.olx.pl/oferta/romet-aspre-1-gravel-szosa-rozmiar-56-CID767-ID15dYyw.html
Cannondale CaadX Shimano GRX 56cm Gravel Przełaj Rower szosowy Warszawa Mokotów • OLX.pl,4899.0,4710.77,Średnia,CANNONDALE,,S,Używane,https://www.olx.pl/oferta/cannondale-caadx-shimano-grx-56cm-gravel-przelaj-rower-szosowy-CID767-ID15d5Pc.html
Gravel WHYTE Friston - 54 - SRAM Apex 1x11 Stan idealny Stalowa Wola • OLX.pl,3600.0,4308.82,Średnia,NIEZNANA,,S,Używane,https://www.olx.pl/d/oferta/gravel-whyte-friston-54-sram-apex-1x11-stan-idealny-CID767-ID157yXE.html
ROSE Backroad Shimano GRX RX820 1x12 PIĘKNY karbonowy BESTSELLER 57 Nowy Targ • OLX.pl,11899.0,11647.58,Średnia,ROSE,2024.0,S,Używane,https://www.olx.pl/oferta/rose-backroad-shimano-grx-rx820-1x12-piekny-karbonowy-bestseller-57-CID767-ID1563zx.html
Rower gravel bulls Daily Grinder 1 Pszczyna • OLX.pl,2450.0,2459.33,Średnia,NONE,,S,Używane,https://www.olx.pl/oferta/rower-gravel-bulls-daily-grinder-1-CID767-ID10PkET.html
Rower gravel Triban RC500 Stare Miasto • OLX.pl,2050.0,2413.63,Średnia,TRIBAN,,S,Używane,https://www.olx.pl/oferta/rower-gravel-triban-rc500-CID767-ID1585mp.html
Rower przełajowy Merida CX600 Mysłowice • OLX.pl,4250.0,4048.23,Średnia,MERIDA,,S,Używane,https://www.olx.pl/d/oferta/rower-przelajowy-merida-cx600-CID767-ID158O8w.html
Koła GRAVEL CROSS TOURING 28” 700C Novatec QR Alexrims Sapim Warszawa Białołęka • OLX.pl,600.0,2368.5,Zaniżona,NONE,,S,Nowe,https://www.olx.pl/oferta/kola-gravel-cross-touring-28-700c-novatec-qr-alexrims-sapim-CID767-ID14LGhg.html
NOWY hamulec tylny Shimano GRX ST-RX810 BR-RX810 PRAWY 1700mm GRAVEL Głogów • OLX.pl,699.0,3310.6,Zaniżona,NONE,,S,Nowe,https://www.olx.pl/oferta/nowy-hamulec-tylny-shimano-grx-st-rx810-br-rx810-prawy-1700mm-gravel-CID767-ID157JHW.html
"Nowy Rower Gravel Fuji Jari 1.1 Carbon 9,6kg 53cm M GRX 2x11 GRATISY Gdańsk Brętowo • OLX.pl",14799.0,13911.8,Średnia,FUJI,2024.0,S,Nowe,https://www.olx.pl/oferta/nowy-rower-gravel-fuji-jari-1-1-carbon-9-6kg-53cm-m-grx-2x11-gratisy-CID767-ID159cry.html
Canyon Grail CF SL 8 ON 2023 rozmiar L Rower Elektryczny Gravel Kraków Prądnik Czerwony • OLX.pl,11999.0,6550.29,Zawyżona,CANYON,2023.0,S,Używane,https://www.olx.pl/d/oferta/canyon-grail-cf-sl-8-on-2023-rozmiar-l-rower-elektryczny-gravel-CID767-ID14xcgO.html
"Canyon Endurans L, gravej szosa rower uniwersalny Obora • OLX.pl",3100.0,4047.38,Zaniżona,CANYON,,S,Używane,https://www.olx.pl/oferta/canyon-endurans-l-gravej-szosa-rower-uniwersalny-CID767-ID15e5ct.html
"Koła Novatec Elite Twenty Five, 25-622, 28 cali gravel Poznań Stare Miasto • OLX.pl",850.0,2244.35,Zaniżona,FOCUS,,S,Nowe,https://www.olx.pl/oferta/kola-novatec-elite-twenty-five-25-622-28-cali-gravel-CID767-IDYxQ5c.html
Gravel Oxfeld GR 2 rM Debrzno • OLX.pl,2200.0,4060.22,Zaniżona,NIEZNANA,,S,Używane,https://www.olx.pl/oferta/gravel-oxfeld-gr-2-rm-CID767-ID11ICSu.html
"Focus Atlas carbon M , HGC1400 , GRX Kraków Bronowice • OLX.pl",9200.0,7989.47,Średnia,FOCUS,,S,Używane,https://www.olx.pl/oferta/focus-atlas-carbon-m-hgc1400-grx-CID767-ID14V2rX.html
"SCOTT SPEEDSTER CX20 DISC (przełaj/gravel), Shimano Tiagra, Rozmiar 54 Dąbrowa Górnicza • OLX.pl",2799.0,2584.46,Średnia,SCOTT,,S,Używane,https://www.olx.pl/d/oferta/scott-speedster-cx20-disc-przelaj-gravel-shimano-tiagra-rozmiar-54-CID767-ID15c8Tz.html
Koła GRAVEL Specialized obręcze DT Swiss G540 OKAZYJNA CENA Lubań • OLX.pl,800.0,2244.35,Zaniżona,SPECIALIZED,2025.0,S,Nowe,https://www.olx.pl/oferta/kola-gravel-specialized-obrecze-dt-swiss-g540-okazyjna-cena-CID767-ID14dbd1.html
Rower Gravel M_bike (Merida) GRV 400 rozmiar S (47cm) Godziszka • OLX.pl,3950.0,4869.0,Średnia,MERIDA,,S,Używane,https://www.olx.pl/d/oferta/rower-gravel-m-bike-merida-grv-400-rozmiar-s-47cm-CID767-ID11DKL6.html
Rower gorski Kross level A2 Trąbki Wielkie • OLX.pl,820.0,2440.24,Zaniżona,KROSS,,S,Używane,https://www.olx.pl/oferta/rower-gorski-kross-level-a2-CID767-ID15adeR.html
Rower elektryczny Gravel Rose backroad plus GRX Kępy • OLX.pl,5900.0,5458.46,Średnia,ROSE,2023.0,S,Używane,https://www.olx.pl/oferta/rower-elektryczny-gravel-rose-backroad-plus-grx-CID767-ID15fS6E.html
Tytanowy gravel On-One Pickenflick Gdańsk Aniołki • OLX.pl,4998.0,4957.64,Średnia,SPECIALIZED,,S,Używane,https://www.olx.pl/oferta/tytanowy-gravel-on-one-pickenflick-CID767-ID14ZNlI.html
"Rower gravel Lupo Dolomite II GRX600/800, L / XL OKAZJA Matysówka • OLX.pl",4450.0,4631.97,Średnia,NONE,,S,Nowe,https://www.olx.pl/d/oferta/rower-gravel-lupo-dolomite-ii-grx600-800-l-xl-okazja-CID767-ID159OrQ.html
CANNONDALE CAADX Shimano 105 -roz S/51 Przełaj | Cyclocross Kraków Bieżanów-Prokocim • OLX.pl,4850.0,2592.67,Zawyżona,CANNONDALE,2020.0,S,Używane,https://www.olx.pl/oferta/cannondale-caadx-shimano-105-roz-s-51-przelaj-cyclocross-CID767-ID10kbCM.html
Giant Revolt 1 rozmiar M Częstochowa Parkitka • OLX.pl,4500.0,2450.95,Zawyżona,GIANT,,S,Używane,https://www.olx.pl/oferta/giant-revolt-1-rozmiar-m-CID767-ID15fI05.html
Rower gravel Merida Silex 200 rozmiar S Borówiec • OLX.pl,3350.0,2471.66,Zawyżona,MERIDA,,S,Używane,https://www.olx.pl/oferta/rower-gravel-merida-silex-200-rozmiar-s-CID767-ID15bSrN.html
ROSE Backroad Classified 2x11 Shimano GRX Di2 Carbon BESTSELLER (62) Nowy Targ • OLX.pl,13999.0,13401.54,Średnia,ROSE,2023.0,S,Nowe,https://www.olx.pl/oferta/rose-backroad-classified-2x11-shimano-grx-di2-carbon-bestseller-62-CID767-ID14zp5L.html
Orbea Terra M30 Team - biało/limonkowy rozm.S Warszawa Bemowo • OLX.pl,9900.0,9225.31,Średnia,ORBEA,2024.0,S,Używane,https://www.olx.pl/oferta/orbea-terra-m30-team-bialo-limonkowy-rozm-s-CID767-ID15bS4B.html
"Cannondale CX9 przełajowy,  gravel Legnica • OLX.pl",1850.0,2409.82,Zaniżona,CANNONDALE,,S,Używane,https://www.olx.pl/oferta/cannondale-cx9-przelajowy-gravel-CID767-ID15dJGx.html
"Nowy PIĘKNY Rower Gravel Przełaj Fuji Jari CX AXS Carbo 8,75kg GRATISY Gdańsk Brętowo • OLX.pl",14499.0,15270.14,Średnia,FUJI,2024.0,XS,Nowe,https://www.olx.pl/d/oferta/nowy-piekny-rower-gravel-przelaj-fuji-jari-cx-axs-carbo-8-75kg-gratisy-CID767-ID159ez4.html
Rower gravel CUBE Nuroad Race FE/Shimano GRX  2x11 Ruda Śląska • OLX.pl,4000.0,4686.99,Średnia,CUBE,,S,Używane,https://www.olx.pl/oferta/rower-gravel-cube-nuroad-race-fe-shimano-grx-2x11-CID767-ID15a1MQ.html
ROSE Backroad Campagnolo EKAR 1x13 karbonowe koła BESTSELLER 55 57 59 Nowy Targ • OLX.pl,12799.0,12744.0,Średnia,ROSE,2025.0,S,Nowe,https://www.olx.pl/oferta/rose-backroad-campagnolo-ekar-1x13-karbonowe-kola-bestseller-55-57-59-CID767-ID1561ex.html
Kross Esker 2.0  Rozmiar S Dachowa • OLX.pl,2200.0,2430.85,Średnia,KROSS,,S,Używane,https://www.olx.pl/oferta/kross-esker-2-0-rozmiar-s-CID767-ID15bdON.html
"2 Gravele kellys soot 30 S, L Kędzierzyn-Koźle Kędzierzyn • OLX.pl",5500.0,2997.88,Zawyżona,KELLYS,2023.0,S,Używane,https://www.olx.pl/d/oferta/2-gravele-kellys-soot-30-s-l-CID767-ID14nI2R.html
Kellys Soot 70 jak NOWY!! Jaworzno • OLX.pl,5000.0,4404.19,Średnia,KELLYS,2024.0,S,Używane,https://www.olx.pl/oferta/kellys-soot-70-jak-nowy-CID767-ID15d5gQ.html
"Romet Aspre 1, rom. 56, rocznik 2021 Mysłowice • OLX.pl",1800.0,2456.58,Zaniżona,ROMET,2021.0,S,Używane,https://www.olx.pl/oferta/romet-aspre-1-rom-56-rocznik-2021-CID767-ID14KdtU.html
ROSE Backroad AL SRAM Apex XPLR 1x12 Ritchey COMP karbonowy widelec 57 Nowy Targ • OLX.pl,7899.0,5189.25,Zawyżona,ROSE,2024.0,S,Nowe,https://www.olx.pl/oferta/rose-backroad-al-sram-apex-xplr-1x12-ritchey-comp-karbonowy-widelec-57-CID767-ID155V9h.html
Prawie nowe koła rowerowe DT Swiss Gravel LN - SRAM XDR - Tubeless Poznań Ogrody • OLX.pl,500.0,2482.61,Zaniżona,CANYON,,S,Używane,https://www.olx.pl/d/oferta/prawie-nowe-kola-rowerowe-dt-swiss-gravel-ln-sram-xdr-tubeless-CID767-ID1596p2.html
Rower Felt Broam 30 (2024 r) - Gravel - GRX-820 2x12 - rama L - 57cm Kraków Prądnik Biały • OLX.pl,5900.0,5093.13,Średnia,FELT,2024.0,S,Używane,https://www.olx.pl/oferta/rower-felt-broam-30-2024-r-gravel-grx-820-2x12-rama-l-57cm-CID767-ID15eBvy.html
Rower * KONA UNIT 29 M * Gravel / Bikepacking / górski MTB Hydraulika Żyrardów • OLX.pl,4999.0,4246.25,Średnia,CUBE,2025.0,S,Nowe,https://www.olx.pl/oferta/rower-kona-unit-29-m-gravel-bikepacking-gorski-mtb-hydraulika-CID767-ID15eyM1.html
TREK Checkpoint ALR5 flatbar roz 58” Pieszyce • OLX.pl,4800.0,4924.8,Średnia,TREK,,S,Używane,https://www.olx.pl/oferta/trek-checkpoint-alr5-flatbar-roz-58-CID767-ID15a2a2.html
Rower gravel - CANYON GRAIL CF 8 SL (Rozmiar S) Wrocław Krzyki • OLX.pl,9199.0,7191.99,Zawyżona,CANYON,2024.0,S,Używane,https://www.olx.pl/d/oferta/rower-gravel-canyon-grail-cf-8-sl-rozmiar-s-CID767-ID1013o8.html
"CUNE CROSS RACE DISC (przełaj/gravel), Shimano 105, Rozmiar 56 Dąbrowa Górnicza • OLX.pl",2999.0,2564.58,Średnia,CUBE,,S,Używane,https://www.olx.pl/oferta/cune-cross-race-disc-przelaj-gravel-shimano-105-rozmiar-56-CID767-ID15c7Lx.html
"Rower elektryczny PROPHETTE silnik centralny, Gravel, jedzie 45km/h Elbląg • OLX.pl",2999.0,4331.4,Zaniżona,NONE,,S,Używane,https://www.olx.pl/oferta/rower-elektryczny-prophette-silnik-centralny-gravel-jedzie-45km-h-CID767-ID15c8Mh.html
Kross Esker 6.0 L GRX Poniatowice • OLX.pl,4199.0,4670.82,Średnia,KROSS,2023.0,S,Używane,https://www.olx.pl/oferta/kross-esker-6-0-l-grx-CID767-ID15cMqt.html
"Rower gravelowy CUBE NUROAD PRO 28""  56 cm / M Szczecin Centrum • OLX.pl",3299.0,3502.26,Średnia,CUBE,,S,Używane,https://www.olx.pl/oferta/rower-gravelowy-cube-nuroad-pro-28-56-cm-m-CID767-ID14HA4T.html
Gravel Szosa Cannondale Synapse Alloy Rival Disc Osiek • OLX.pl,3100.0,2699.79,Średnia,CANNONDALE,,S,Używane,https://www.olx.pl/d/oferta/gravel-szosa-cannondale-synapse-alloy-rival-disc-CID767-ID14ZB0E.html
Kolarka Cannondale CAAD12 z 2017 roku Rozmiar 56 Waga 8.20kg Gravel Wadowice • OLX.pl,2599.0,2759.51,Średnia,CANNONDALE,2017.0,S,Używane,https://www.olx.pl/oferta/kolarka-cannondale-caad12-z-2017-roku-rozmiar-56-waga-8-20kg-gravel-CID767-ID158VqE.html
"Rower gravel Romet aspre 1 r 56, gratis garmin edge 530 Chojnice • OLX.pl",2249.0,2392.6,Średnia,ROMET,2000.0,S,Używane,https://www.olx.pl/oferta/rower-gravel-romet-aspre-1-r-56-gratis-garmin-edge-530-CID767-ID14asrE.html
Rower gravel ROMET Aspre 1 2023 czarny-złoty / Rozmiar ramy: 56 cm / Skoczów • OLX.pl,2100.0,2595.57,Średnia,ROMET,2023.0,S,Używane,https://www.olx.pl/oferta/rower-gravel-romet-aspre-1-2023-czarny-zloty-rozmiar-ramy-56-cm-CID767-ID14XS6Z.html
Rower szosowy GOTOWY DO JAZDY szosa kolarka gravel Kraków Kraków Podgórze Duchackie • OLX.pl,670.0,2370.94,Zaniżona,NONE,,S,Używane,https://www.olx.pl/d/oferta/rower-szosowy-gotowy-do-jazdy-szosa-kolarka-gravel-krakow-CID767-ID14DQmd.html
Rower gravel Giant Revolt 2 Black Diamond Milicz • OLX.pl,3700.0,2838.25,Zawyżona,GIANT,,S,Używane,https://www.olx.pl/oferta/rower-gravel-giant-revolt-2-black-diamond-CID767-ID15fSYC.html
"GRAVEL ROSE BACKROAD AL GRX RX600 1X11 28"" - olive - 59cm Warszawa Mokotów • OLX.pl",7300.0,5887.85,Zawyżona,ROSE,2022.0,S,Używane,https://www.olx.pl/oferta/gravel-rose-backroad-al-grx-rx600-1x11-28-olive-59cm-CID767-ID159GmK.html
"CUBE CROSS RACE DISC (przełaj/gravel), Shimano 105, Rozmiar 56 Lublin • OLX.pl",2999.0,2564.58,Średnia,CUBE,,S,Używane,https://www.olx.pl/oferta/cube-cross-race-disc-przelaj-gravel-shimano-105-rozmiar-56-CID767-ID15c7VD.html
Gravel Cube 59 Shimano GRX RD-RX822 1x12 Hydrauliczne Hamulce L / XL Halinów • OLX.pl,4200.0,4800.81,Średnia,CUBE,,S,Używane,https://www.olx.pl/oferta/gravel-cube-59-shimano-grx-rd-rx822-1x12-hydrauliczne-hamulce-l-xl-CID767-ID14eNSV.html
Gravel Merida silex full carbon 8000e di2 XL grx 1x11 stan bdb Chylice • OLX.pl,8900.0,7672.23,Średnia,MERIDA,,S,Używane,https://www.olx.pl/d/oferta/gravel-merida-silex-full-carbon-8000e-di2-xl-grx-1x11-stan-bdb-CID767-ID14U1DD.html
Rower Gravel Marin Nicasio 2 Kraków Stare Miasto • OLX.pl,5100.0,4110.16,Zawyżona,MARIN,2023.0,S,Używane,https://www.olx.pl/oferta/rower-gravel-marin-nicasio-2-CID767-ID14qKdP.html
Specialized Diverge Poladowo • OLX.pl,3800.0,4438.05,Średnia,SPECIALIZED,,S,Używane,https://www.olx.pl/oferta/specialized-diverge-CID767-ID115iN2.html
ROSE DX Cross Ultegra Di2 Rozmiar M I DT Swiss Carbon I 8kg Gravel Top Warszawa Białołęka • OLX.pl,6999.0,7892.56,Średnia,ROSE,2018.0,S,Używane,https://www.olx.pl/oferta/rose-dx-cross-ultegra-di2-rozmiar-m-i-dt-swiss-carbon-i-8kg-gravel-top-CID767-ID149ZzQ.html
Rower gravel Giant Revolt Advanced Pro 1 GRX 2/11 r.M Kraków Grzegórzki • OLX.pl,11500.0,9158.9,Zawyżona,GIANT,,S,Używane,https://www.olx.pl/oferta/rower-gravel-giant-revolt-advanced-pro-1-grx-2-11-r-m-CID767-ID15bnG4.html
Gravel Specialized 54 Wymiana Sprzedaz Dojazd Białystok Centrum • OLX.pl,3500.0,2512.94,Zawyżona,SPECIALIZED,,S,Używane,https://www.olx.pl/d/oferta/gravel-specialized-54-wymiana-sprzedaz-dojazd-CID767-ID15cxbg.html
Specialized Sirrus X 2.0 gravel różowy S jak nowy Wrocław Krzyki • OLX.pl,2200.0,2378.6,Średnia,SPECIALIZED,2022.0,S,Używane,https://www.olx.pl/oferta/specialized-sirrus-x-2-0-gravel-rozowy-s-jak-nowy-CID767-ID15d6fL.html
Rower Trek 7.4 FX Alpha szosowy gravel trekkingowy karbon Kielce • OLX.pl,1600.0,2512.94,Zaniżona,TREK,,S,Używane,https://www.olx.pl/oferta/rower-trek-7-4-fx-alpha-szosowy-gravel-trekkingowy-karbon-CID767-ID15bjq8.html
Gravel Cube Nuroad Race Czechowice-Dziedzice • OLX.pl,5500.0,4794.79,Średnia,CUBE,,S,Używane,https://www.olx.pl/d/oferta/gravel-cube-nuroad-race-CID767-ID14E7sP.html
Merida Silex 700 z 2023 - koła Evanlite Radlin • OLX.pl,10999.0,8010.65,Zawyżona,MERIDA,2023.0,S,Używane,https://www.olx.pl/oferta/merida-silex-700-z-2023-kola-evanlite-CID767-ID15aMtd.html
"Rower Gravel Kellys Soot 50, rozmiar L Chojnice • OLX.pl",3900.0,4121.61,Średnia,KELLYS,,S,Używane,https://www.olx.pl/oferta/rower-gravel-kellys-soot-50-rozmiar-l-CID767-ID155Wr0.html
GIANT Anyroad CoMax Konstancin-Jeziorna • OLX.pl,3950.0,5459.93,Zaniżona,GIANT,,S,Używane,https://www.olx.pl/oferta/giant-anyroad-comax-CID767-ID158eII.html
Scott Addict Gravel Tuned - rozmiar 54/M Katowice Osiedle Paderewskiego-Muchowiec • OLX.pl,25999.0,21163.23,Zawyżona,SCOTT,2022.0,XS,Używane,https://www.olx.pl/oferta/scott-addict-gravel-tuned-rozmiar-54-m-CID767-ID15fSxN.html
Gravel Canyon Grizl CF SL 7 Trail Opole • OLX.pl,9999.0,10133.79,Średnia,CANYON,,XS,Używane,https://www.olx.pl/oferta/gravel-canyon-grizl-cf-sl-7-trail-CID767-ID158qwD.html
Gravel scrapper spego ex roz. L kross opony WTB shimano claris Jabłonna • OLX.pl,1600.0,2499.42,Zaniżona,KROSS,,S,Używane,https://www.olx.pl/d/oferta/gravel-scrapper-spego-ex-roz-l-kross-opony-wtb-shimano-claris-CID767-ID158OxG.html
Rower Kellys Soot 80_ Gravel _ Carbon_ Shimano GRX Słodków Kolonia • OLX.pl,5190.0,8087.43,Zaniżona,GT,,S,Używane,https://www.olx.pl/oferta/rower-kellys-soot-80-gravel-carbon-shimano-grx-CID767-ID14VBdJ.html
Rower Gravel Fitness Turystyczny Marin DSX FS rozmiar L - stan wzorowy Warszawa Wola • OLX.pl,4750.0,4529.43,Średnia,MARIN,2024.0,S,Używane,https://www.olx.pl/oferta/rower-gravel-fitness-turystyczny-marin-dsx-fs-rozmiar-l-stan-wzorowy-CID767-ID15bzHQ.html
Rower Gravel Votec VRX-R G PRO 54 cm Warszawa Bemowo • OLX.pl,6500.0,4389.03,Zawyżona,VOTEC,,S,Używane,https://www.olx.pl/oferta/rower-gravel-votec-vrx-r-g-pro-54-cm-CID767-IDZ6Hs9.html
Romet Aspre 1 gravel 1x8 Szczecin Majowe • OLX.pl,1999.0,2491.75,Średnia,ROMET,,S,Używane,https://www.olx.pl/oferta/romet-aspre-1-gravel-1x8-CID767-ID15bG9H.html
Rower Medano Alfine hydraulika wyprzedaż Zosin • OLX.pl,1549.0,2491.65,Zaniżona,CUBE,,S,Nowe,https://www.olx.pl/d/oferta/rower-medano-alfine-hydraulika-wyprzedaz-CID767-ID111zXQ.html
Sprzedam rower gravel canyon Inflite Al 54/M Elbląg • OLX.pl,4300.0,2601.72,Zawyżona,CANYON,,S,Używane,https://www.olx.pl/oferta/sprzedam-rower-gravel-canyon-inflite-al-54-m-CID767-ID15emGi.html
Rower gravel Giant Revolt Advanced Pro 1 GRX 2/11 r.M Kraków Grzegórzki • OLX.pl,11500.0,9158.9,Zawyżona,GIANT,,S,Używane,https://www.olx.pl/oferta/rower-gravel-giant-revolt-advanced-pro-1-grx-2-11-r-m-CID767-ID15bnG4.html
Rower elektryczny Schindelhauer Bosch miejski roz ramy M  pasek gravel Kościerzyna • OLX.pl,5750.0,4254.81,Zawyżona,TERN,,S,Używane,https://www.olx.pl/oferta/rower-elektryczny-schindelhauer-bosch-miejski-roz-ramy-m-pasek-gravel-CID767-ID15ebog.html
Rower Gravel Rondo Ruut CF 2X w rozmiarze L Wrocław Psie Pole • OLX.pl,6799.0,7381.79,Średnia,RONDO,,S,Używane,https://www.olx.pl/oferta/rower-gravel-rondo-ruut-cf-2x-w-rozmiarze-l-CID767-ID14jpQH.html
Gravel Merida silex full carbon 8000e di2 XL grx 1x11 stan bdb Chylice • OLX.pl,8900.0,7672.23,Średnia,MERIDA,,S,Używane,https://www.olx.pl/oferta/gravel-merida-silex-full-carbon-8000e-di2-xl-grx-1x11-stan-bdb-CID767-ID14U1DD.html
Cube Nuroad  Shimano Claris rama S koła 28 Warszawa Wawer • OLX.pl,2750.0,2326.8,Średnia,CUBE,,S,Używane,https://www.olx.pl/oferta/cube-nuroad-shimano-claris-rama-s-kola-28-CID767-ID15djAE.html
ROSE Backroad Campagnolo EKAR 1x13 karbonowe koła BESTSELLER 55 57 59 Nowy Targ • OLX.pl,12799.0,12744.0,Średnia,ROSE,2025.0,S,Nowe,https://www.olx.pl/oferta/rose-backroad-campagnolo-ekar-1x13-karbonowe-kola-bestseller-55-57-59-CID767-ID1561bH.html
VOTEC VRX S Gravel Sram Rival AXS XPLR 1x12 Wrocław Krzyki • OLX.pl,7800.0,6530.06,Średnia,CANYON,,XS,Używane,https://www.olx.pl/d/oferta/votec-vrx-s-gravel-sram-rival-axs-xplr-1x12-CID767-ID153b0M.html
Marin Gestalt 1 2020 Warszawa Ochota • OLX.pl,3000.0,2471.33,Zawyżona,MARIN,2020.0,S,Używane,https://www.olx.pl/oferta/marin-gestalt-1-2020-CID767-ID15dSv5.html
Rower szosowy lub gravel Triban RC 120 rozm. M Konstancin-Jeziorna • OLX.pl,1900.0,2571.6,Zaniżona,TRIBAN,2021.0,S,Używane,https://www.olx.pl/oferta/rower-szosowy-lub-gravel-triban-rc-120-rozm-m-CID767-ID15eMN4.html
Rower Gravel Bianchi IMPULSO RC Force eTap AXS XPLR 1 X 12 Tarnów • OLX.pl,24999.0,20134.04,Zawyżona,TERN,,XS,Nowe,https://www.olx.pl/d/oferta/rower-gravel-bianchi-impulso-rc-force-etap-axs-xplr-1-x-12-CID767-ID144TKS.html
Rower gravel Mongoose guide sport L rozmiar L Brodnica • OLX.pl,2500.0,2430.4,Średnia,NIEZNANA,,S,Używane,https://www.olx.pl/oferta/rower-gravel-mongoose-guide-sport-l-rozmiar-l-CID767-ID15b0ww.html
Canyon Grizl 7 1by w rozmiarze M przygotowany do sezonu Bielsko-Biała • OLX.pl,7000.0,2649.12,Zawyżona,CANYON,,S,Używane,https://www.olx.pl/oferta/canyon-grizl-7-1by-w-rozmiarze-m-przygotowany-do-sezonu-CID767-ID15dYcQ.html
Rower Gravel CANYON ROADLITE 6 R092 Koła 28 Cali Rama M 52 cm JAK NOWY Łódź Widzew • OLX.pl,2999.0,4090.43,Zaniżona,CANYON,,S,Używane,https://www.olx.pl/oferta/rower-gravel-canyon-roadlite-6-r092-kola-28-cali-rama-m-52-cm-jak-nowy-CID767-ID15fVGk.html
"Rower gravel OCTANE ONE GRD FLAT /Roz.L / Koła: 28""/ 1x10/ carbon fork Poznań Strzeszyn • OLX.pl",3350.0,4482.23,Zaniżona,TERN,2024.0,S,Używane,https://www.olx.pl/oferta/rower-gravel-octane-one-grd-flat-roz-l-kola-28-1x10-carbon-fork-CID767-ID14WQdp.html
Rower Gravel Ridley X-Trail A Sora Stare Siołkowice • OLX.pl,2900.0,4166.03,Zaniżona,RIDLEY,,S,Używane,https://www.olx.pl/oferta/rower-gravel-ridley-x-trail-a-sora-CID767-ID15bi5R.html
Rower gravel Trek Checkpoint ALR 5 - rozmiar 58 Trzemeszno • OLX.pl,7300.0,4437.71,Zawyżona,TREK,,S,Używane,https://www.olx.pl/d/oferta/rower-gravel-trek-checkpoint-alr-5-rozmiar-58-CID767-IDZlV9W.html
"Rower gravel Kross Esker 6.0 2025 2x12 Gen2 czarny S,M,L,XL Nowy Śląsk Przyszowice • OLX.pl",7649.0,6003.38,Zawyżona,KROSS,2025.0,XS,Nowe,https://www.olx.pl/oferta/rower-gravel-kross-esker-6-0-2025-2x12-gen2-czarny-s-m-l-xl-nowy-slask-CID767-ID13eImu.html
-55% z 3800 zł Bergamont Sweep 4 Gravel Fitness (speeder merida) Tychy • OLX.pl,1700.0,4124.51,Zaniżona,MERIDA,,S,Używane,https://www.olx.pl/oferta/55-z-3800-zl-bergamont-sweep-4-gravel-fitness-speeder-merida-CID767-ID124K3Z.html
Rower ( szosa/gravel ) GIANT Contend AR3 - rozmiar M Gdańsk Wzgórze Mickiewicza • OLX.pl,2400.0,2564.58,Średnia,GIANT,2021.0,S,Używane,https://www.olx.pl/oferta/rower-szosa-gravel-giant-contend-ar3-rozmiar-m-CID767-ID1569ri.html
Gravel CANNONDALE Topstone Carbon 3 rozmiar L - czarny Białystok Antoniuk • OLX.pl,8800.0,7673.34,Średnia,CANNONDALE,2023.0,S,Używane,https://www.olx.pl/oferta/gravel-cannondale-topstone-carbon-3-rozmiar-l-czarny-CID767-ID154fxj.html
"Rower gravel Bergamont (Scott) Granduance, 58, GRX800, Jak nowy! Warszawa Mokotów • OLX.pl",7600.0,2815.82,Zawyżona,SCOTT,,S,Używane,https://www.olx.pl/oferta/rower-gravel-bergamont-scott-granduance-58-grx800-jak-nowy-CID767-ID15eyCC.html
Cube NUROAD 58cm gravel Łomża • OLX.pl,4555.0,4078.02,Średnia,CUBE,,S,Używane,https://www.olx.pl/oferta/cube-nuroad-58cm-gravel-CID767-ID15aeq6.html
Cannondale Topstone carbon 4 GRX WTB rozm. L Ostrów Wielkopolski • OLX.pl,7999.0,7669.45,Średnia,CANNONDALE,,S,Używane,https://www.olx.pl/oferta/cannondale-topstone-carbon-4-grx-wtb-rozm-l-CID767-ID15dbGY.html
Rower gravel / szosa 53cm Novatec Sram TRP Campagnolo Rawicz Stare Miasto • OLX.pl,2100.0,2572.05,Średnia,NIEZNANA,,S,Używane,https://www.olx.pl/oferta/rower-gravel-szosa-53cm-novatec-sram-trp-campagnolo-CID767-ID15d97F.html
Rower gravel carbon  Open WI.DE. L XL nie specialized canyon Konstancin-Jeziorna • OLX.pl,9600.0,9711.73,Średnia,SPECIALIZED,,S,Używane,https://www.olx.pl/oferta/rower-gravel-carbon-open-wi-de-l-xl-nie-specialized-canyon-CID767-ID14LD3y.html
Superior x-road elite Legionowo • OLX.pl,6199.0,4209.65,Zawyżona,NONE,,S,Używane,https://www.olx.pl/oferta/superior-x-road-elite-CID767-ID14XloI.html
Rower Kross evado 6.0 stan idealny Kraków Łagiewniki-Borek Fałęcki • OLX.pl,1850.0,3949.1,Zaniżona,KROSS,,S,Używane,https://www.olx.pl/oferta/rower-kross-evado-6-0-stan-idealny-CID767-ID155rAT.html
"Scott Metrix 20 rower fitnes, gravel Łososina Górna • OLX.pl",3200.0,4325.77,Zaniżona,SCOTT,2021.0,S,Używane,https://www.olx.pl/oferta/scott-metrix-20-rower-fitnes-gravel-CID767-ID14UGLo.html
Rower gravel 28 KANDS Toro Claris ramy 53 HIT!!! Kraków Krowodrza • OLX.pl,2499.0,2504.84,Średnia,NONE,2024.0,S,Nowe,https://www.olx.pl/oferta/rower-gravel-28-kands-toro-claris-ramy-53-hit-CID767-IDV9vhB.html
Canyon Grail AL rozmiar S Warszawa Wawer • OLX.pl,6000.0,5308.88,Średnia,CANYON,,S,Używane,https://www.olx.pl/oferta/canyon-grail-al-rozmiar-s-CID767-ID157dIH.html
Gravel Kross Esker 5.0 2025 1x12s GRX RATY 0% NEGOCJUJ CENE -NAJNIŻSZA Skórzewo • OLX.pl,5399.0,5299.51,Średnia,KROSS,2025.0,XS,Nowe,https://www.olx.pl/oferta/gravel-kross-esker-5-0-2025-1x12s-grx-raty-0-negocjuj-cene-najnizsza-CID767-ID12hgiB.html
Rower Gravel romet boreas 1 lite koła 28 Przeworsk • OLX.pl,1990.0,2414.11,Średnia,ROMET,,S,Używane,https://www.olx.pl/oferta/rower-gravel-romet-boreas-1-lite-kola-28-CID767-ID14ibb8.html
Gravel scrapper spego ex roz. L kross opony WTB shimano claris Jabłonna • OLX.pl,1600.0,2499.42,Zaniżona,KROSS,,S,Używane,https://www.olx.pl/oferta/gravel-scrapper-spego-ex-roz-l-kross-opony-wtb-shimano-claris-CID767-ID158OxG.html
"Rower gravel GT Grade 105, Rozmiar M Pyskowice • OLX.pl",3500.0,2595.57,Zawyżona,GT,,S,Używane,https://www.olx.pl/oferta/rower-gravel-gt-grade-105-rozmiar-m-CID767-ID14f0Qe.html
Gravel Kellys Soot 50 2024 - rozmiar L Poznań Winogrady • OLX.pl,4200.0,4271.73,Średnia,KELLYS,2024.0,S,Używane,https://www.olx.pl/oferta/gravel-kellys-soot-50-2024-rozmiar-l-CID767-ID14WWFj.html
Marin Gestalt 2020 56 cm Kraków Bronowice • OLX.pl,2700.0,2452.98,Średnia,MARIN,2020.0,S,Używane,https://www.olx.pl/oferta/marin-gestalt-2020-56-cm-CID767-ID15f082.html
Gravel Romet Boreas 1 Lite Rozmiar 56 Lubań • OLX.pl,2600.0,4142.3,Zaniżona,ROMET,2023.0,S,Używane,https://www.olx.pl/oferta/gravel-romet-boreas-1-lite-rozmiar-56-CID767-ID14V4Io.html
Nowy rower Gravel Fuji Sportif 2.1 Sora Męskj 54 M Urban Bikes Warszawa Mokotów • OLX.pl,2700.0,2568.45,Średnia,FUJI,,S,Nowe,https://www.olx.pl/oferta/nowy-rower-gravel-fuji-sportif-2-1-sora-meskj-54-m-urban-bikes-CID767-ID15dvab.html
Rower gravel Unibike Geos 2025 nowy Sochaczew • OLX.pl,6699.0,4963.31,Zawyżona,NIEZNANA,2025.0,S,Nowe,https://www.olx.pl/oferta/rower-gravel-unibike-geos-2025-nowy-CID767-ID14DpSR.html
Romet ASPRE 2 2024 r.M/52 GRX 2x10 + GRATIS Legionowo • OLX.pl,3900.0,4777.82,Średnia,ROMET,2024.0,S,Nowe,https://www.olx.pl/oferta/romet-aspre-2-2024-r-m-52-grx-2x10-gratis-CID767-ID150bv1.html
Gravel trek checkpoint al4 rozmiar 58 Alwernia • OLX.pl,7000.0,5169.6,Zawyżona,TREK,,S,Używane,https://www.olx.pl/oferta/gravel-trek-checkpoint-al4-rozmiar-58-CID767-ID15cqJa.html
Rower gravel przelaj CANNONDALE Topstone r 51 M 1x12 sram apex Słupsk • OLX.pl,5900.0,4289.64,Zawyżona,CANNONDALE,,S,Używane,https://www.olx.pl/oferta/rower-gravel-przelaj-cannondale-topstone-r-51-m-1x12-sram-apex-CID767-ID157ZsN.html
Rower gravel Bergamont Grandurance Elite Carbon 2023 roz53 (163-175cm) Kraków Bieńczyce • OLX.pl,5950.0,8928.15,Zaniżona,GT,2023.0,S,Używane,https://www.olx.pl/oferta/rower-gravel-bergamont-grandurance-elite-carbon-2023-roz53-163-175cm-CID767-ID12aPf3.html
Koła gravel disc 700c Sztywne osie 12mm + tarcze + kaseta + gratisy Rzeszów • OLX.pl,675.0,2396.79,Zaniżona,TREK,,S,Nowe,https://www.olx.pl/oferta/kola-gravel-disc-700c-sztywne-osie-12mm-tarcze-kaseta-gratisy-CID767-ID14cdIU.html
Canyon Grizl CF SL 8 Trail - stan bardzo dobry Kiekrz • OLX.pl,10900.0,8424.96,Zawyżona,CANYON,2024.0,S,Używane,https://www.olx.pl/oferta/canyon-grizl-cf-sl-8-trail-stan-bardzo-dobry-CID767-ID14WCB9.html
ROSE Backroad Shimano GRX RX820 1x12 PIĘKNY karbonowy BESTSELLER 57 Nowy Targ • OLX.pl,11899.0,11647.58,Średnia,ROSE,2024.0,S,Używane,https://www.olx.pl/oferta/rose-backroad-shimano-grx-rx820-1x12-piekny-karbonowy-bestseller-57-CID767-ID1563zx.html
"Rower Gravel CUBE NULANE Rama 59 Cm L Koła 28"" CLARIS 2X8 Waga 10,9Kg Żyrardów • OLX.pl",3449.0,4229.48,Średnia,TREK,,S,Nowe,https://www.olx.pl/oferta/rower-gravel-cube-nulane-rama-59-cm-l-kola-28-claris-2x8-waga-10-9kg-CID767-ID14sDjF.html
E-Bike Gravel 50cm Bosch CX 85Nm | 625Wh | Kiox | GRX 11s | Hydraulika Rzeszów • OLX.pl,5690.0,5061.98,Średnia,NIEZNANA,,S,Używane,https://www.olx.pl/oferta/e-bike-gravel-50cm-bosch-cx-85nm-625wh-kiox-grx-11s-hydraulika-CID767-ID15edL7.html
Rower gravel/fitness Trek zektor 3 Przeworsk • OLX.pl,2400.0,2470.72,Średnia,TREK,,S,Używane,https://www.olx.pl/oferta/rower-gravel-fitness-trek-zektor-3-CID767-ID15f58S.html
Merida Silex 700 z 2023 - koła Evanlite Radlin • OLX.pl,10999.0,8010.65,Zawyżona,MERIDA,2023.0,S,Używane,https://www.olx.pl/oferta/merida-silex-700-z-2023-kola-evanlite-CID767-ID15aMtd.html
Trek Fuel EX 8 Rozmiar L Rower full mtb gravel doinwestowany górski Tomaszów Mazowiecki • OLX.pl,5200.0,4308.73,Zawyżona,TREK,,S,Używane,https://www.olx.pl/oferta/trek-fuel-ex-8-rozmiar-l-rower-full-mtb-gravel-doinwestowany-gorski-CID767-ID14X1Q4.html
Rower miejski GRAVEL.Vanhawks Valour Białystok Antoniuk • OLX.pl,3200.0,5053.6,Zaniżona,NIEZNANA,,S,Używane,https://www.olx.pl/oferta/rower-miejski-gravel-vanhawks-valour-CID767-ID15f5z1.html
Giant Escape 2L trekking fitness crossowy miejski gravel hybryda rowe Skarżysko-Kamienna • OLX.pl,1500.0,4342.98,Zaniżona,TREK,,S,Używane,https://www.olx.pl/oferta/giant-escape-2l-trekking-fitness-crossowy-miejski-gravel-hybryda-rowe-CID767-ID13FDke.html
Rower trekkingowy B-Twin Riverside 500 rozm. S 700c gravel turystyczny Orzesze Gardawice • OLX.pl,850.0,2454.0,Zaniżona,TREK,,S,Używane,https://www.olx.pl/oferta/rower-trekkingowy-b-twin-riverside-500-rozm-s-700c-gravel-turystyczny-CID767-ID15fXb9.html
Gravel Fuji Jari 1.5 - 56 Wrocław Psie Pole • OLX.pl,2299.0,2573.91,Średnia,FUJI,2019.0,S,Używane,https://www.olx.pl/oferta/gravel-fuji-jari-1-5-56-CID767-ID14gWeH.html
"Rower Bianchi Impulso RC, gravel – kolekcja 2025! Warszawa Mokotów • OLX.pl",28499.0,17646.22,Zawyżona,BIANCHI,2025.0,S,Nowe,https://www.olx.pl/oferta/rower-bianchi-impulso-rc-gravel-kolekcja-2025-CID767-ID14YAPz.html
Gravel KROSS Esker 5.0 Apex 2024 M szary grafit - gwarancja Warszawa Białołęka • OLX.pl,3500.0,2413.19,Zawyżona,KROSS,2024.0,S,Używane,https://www.olx.pl/oferta/gravel-kross-esker-5-0-apex-2024-m-szary-grafit-gwarancja-CID767-ID157yuo.html
Gravel Avaghon Grave 2023!! Rolhoff 14!! Sram!! Jak Nowy!! Kłodzko • OLX.pl,7500.0,3175.85,Zawyżona,NONE,2023.0,S,Używane,https://www.olx.pl/oferta/gravel-avaghon-grave-2023-rolhoff-14-sram-jak-nowy-CID767-ID11Iw32.html
Rower gravel Whyte Jarosław • OLX.pl,1800.0,4130.89,Zaniżona,NONE,,S,Używane,https://www.olx.pl/oferta/rower-gravel-whyte-CID767-ID15fifK.html
"R-RAYMON GravelRay 5.0 Gravel, Szosa, SRAM, nawigacja, 158-174 cm Kraków Podgórze • OLX.pl",3999.0,4417.79,Średnia,NIEZNANA,2029.0,S,Używane,https://www.olx.pl/oferta/r-raymon-gravelray-5-0-gravel-szosa-sram-nawigacja-158-174-cm-CID767-ID14KRTH.html
Rower gravel Rondo Ruut AL1 roz.M Poznań Łazarz • OLX.pl,4199.0,4685.8,Średnia,RONDO,,XS,Używane,https://www.olx.pl/oferta/rower-gravel-rondo-ruut-al1-roz-m-CID767-ID15c7qc.html
Rower kross esker 1.0 Kościerzyna • OLX.pl,1950.0,2452.98,Zaniżona,KROSS,2024.0,S,Używane,https://www.olx.pl/oferta/rower-kross-esker-1-0-CID767-ID15bPB3.html
Rower M Szosowy Custom Deore Szosa / Gravel Piaseczno • OLX.pl,1190.0,2450.95,Zaniżona,NIEZNANA,,S,Używane,https://www.olx.pl/oferta/rower-m-szosowy-custom-deore-szosa-gravel-CID767-ID15bGjS.html
Rower gravel Felt Broam 60 XXL amerykański Pszczyna • OLX.pl,2790.0,8350.75,Zaniżona,FELT,,S,Nowe,https://www.olx.pl/oferta/rower-gravel-felt-broam-60-xxl-amerykanski-CID767-ID15dAGn.html
Rower gravel Romet ASPRE 2 Babimost • OLX.pl,3200.0,4754.04,Zaniżona,ROMET,2022.0,S,Używane,https://www.olx.pl/oferta/rower-gravel-romet-aspre-2-CID767-ID153LJv.html
"Kross Esker 1.0 2021 [L, 21'] Grudziądz • OLX.pl",1500.0,2507.28,Zaniżona,KROSS,2021.0,S,Używane,https://www.olx.pl/oferta/kross-esker-1-0-2021-l-21-CID767-ID14MZFl.html
Gravel Bulls Grinder 1 Starogard Gdański • OLX.pl,2499.0,2528.94,Średnia,NONE,,S,Używane,https://www.olx.pl/oferta/gravel-bulls-grinder-1-CID767-ID15aWpQ.html
Gravel Kross Esker 6.0 2025 2x12s GRX RATY 0% NAJNIŻSZE CENY ! Skórzewo • OLX.pl,5999.0,5463.39,Średnia,KROSS,2025.0,XS,Nowe,https://www.olx.pl/oferta/gravel-kross-esker-6-0-2025-2x12s-grx-raty-0-najnizsze-ceny-CID767-ID12jcfF.html
Giant FastRoad SL 1 Wine Purple 2022 Shimano105 jak Nowy Fitnes Gravel Warszawa Białołęka • OLX.pl,2790.0,4287.44,Zaniżona,GIANT,2022.0,S,Używane,https://www.olx.pl/oferta/giant-fastroad-sl-1-wine-purple-2022-shimano105-jak-nowy-fitnes-gravel-CID767-ID14VA7P.html
Sprzedam rower gravel Bergamont hydraulika GRX Sokołowo • OLX.pl,3290.0,4654.72,Zaniżona,NONE,,S,Używane,https://www.olx.pl/oferta/sprzedam-rower-gravel-bergamont-hydraulika-grx-CID767-ID158fKu.html
"Nowy rower Orbea Terra M30Team Red Gravel, Poznań, Gwarancja Poznań Junikowo • OLX.pl",12999.0,10934.57,Średnia,ORBEA,,S,Nowe,https://www.olx.pl/oferta/nowy-rower-orbea-terra-m30team-red-gravel-poznan-gwarancja-CID767-ID15fAK4.html
"Rower Enduro BERRGAMONT EVOLVE 6.8 (fr, dh) Tarnobrzeg • OLX.pl",3600.0,4194.99,Średnia,NONE,,S,Używane,https://www.olx.pl/oferta/rower-enduro-berrgamont-evolve-6-8-fr-dh-CID767-ID15g2TC.html
"Kross Esker 2.0 MS, rozmiar L, rower gravel Gliwice Łabędy • OLX.pl",2800.0,2519.52,Średnia,KROSS,,S,Używane,https://www.olx.pl/oferta/kross-esker-2-0-ms-rozmiar-l-rower-gravel-CID767-ID15cOnC.html
Triban S Gravel RC100 z Decathlon super stan szosowy rower Poznań Starołęka • OLX.pl,999.0,2409.82,Zaniżona,TRIBAN,2023.0,S,Używane,https://www.olx.pl/oferta/triban-s-gravel-rc100-z-decathlon-super-stan-szosowy-rower-CID767-ID15d7Qy.html
Cannondale SuperX CX Gravel Super X Karbon Carbon 1 x 11 Kwidzyn • OLX.pl,5700.0,6848.01,Średnia,CANNONDALE,,S,Używane,https://www.olx.pl/oferta/cannondale-superx-cx-gravel-super-x-karbon-carbon-1-x-11-CID767-ID15cUEc.html
Romet  gravel Boreas B1 Słubica A • OLX.pl,2500.0,2392.6,Średnia,ROMET,,S,Używane,https://www.olx.pl/oferta/romet-gravel-boreas-b1-CID767-ID147vwc.html
Rower Gravel  Kross Esker 6.0 2023 Rozmiar L Warszawa Targówek • OLX.pl,4999.0,4917.84,Średnia,KROSS,2024.0,S,Używane,https://www.olx.pl/oferta/rower-gravel-kross-esker-6-0-2023-rozmiar-l-CID767-ID154fs7.html
Rower gravel Triban GRAVEL 120 rozmiar M Olsztyn • OLX.pl,1900.0,2473.09,Zaniżona,TRIBAN,,S,Używane,https://www.olx.pl/oferta/rower-gravel-triban-gravel-120-rozmiar-m-CID767-ID15ewNv.html
"CUBE CROSS RACE rower gravel 28 tiagra rama 23"" Wrocław Śródmieście • OLX.pl",2899.0,4289.15,Zaniżona,CUBE,,S,Używane,https://www.olx.pl/oferta/cube-cross-race-rower-gravel-28-tiagra-rama-23-CID767-ID13xDKU.html
Gravel Kellys Soot 50 2024 - rozmiar L Poznań Winogrady • OLX.pl,4200.0,4271.73,Średnia,KELLYS,2024.0,S,Używane,https://www.olx.pl/oferta/gravel-kellys-soot-50-2024-rozmiar-l-CID767-ID14WWFj.html
ROSE Backroad Shimano GRX RX820 1x12 PIĘKNY karbonowy BESTSELLER 57 Nowy Targ • OLX.pl,11899.0,11647.58,Średnia,ROSE,2024.0,S,Używane,https://www.olx.pl/oferta/rose-backroad-shimano-grx-rx820-1x12-piekny-karbonowy-bestseller-57-CID767-ID1563zx.html
Ridley Kanzo Adventure GRX 1x11 DI2 - rama i koła carbon Poznań Stare Miasto • OLX.pl,8000.0,7859.33,Średnia,RIDLEY,2021.0,S,Używane,https://www.olx.pl/oferta/ridley-kanzo-adventure-grx-1x11-di2-rama-i-kola-carbon-CID767-ID138Vmk.html
Rower Gravel Kross Esker rozmiar L. Jak nowy Nozdrzec • OLX.pl,5000.0,4318.6,Średnia,KROSS,2022.0,S,Używane,https://www.olx.pl/oferta/rower-gravel-kross-esker-rozmiar-l-jak-nowy-CID767-ID15fuM3.html
Romet Nyk 56 gravel Pabianice • OLX.pl,6000.0,7415.94,Średnia,ROMET,2024.0,S,Używane,https://www.olx.pl/oferta/romet-nyk-56-gravel-CID767-ID15c0UT.html
Romet Boreas 2 2023 GRX rozmiar 56 stan doskonały Szczecin Niebuszewo • OLX.pl,4100.0,4846.38,Średnia,ROMET,2023.0,S,Używane,https://www.olx.pl/oferta/romet-boreas-2-2023-grx-rozmiar-56-stan-doskonaly-CID767-ID14WzAI.html
Gravel Kellys Soot 70 L GRX600 rozmiar L Schwatlbe G-one prawie NOWY Poznań Naramowice • OLX.pl,4600.0,5215.92,Średnia,GT,,S,Używane,https://www.olx.pl/oferta/gravel-kellys-soot-70-l-grx600-rozmiar-l-schwatlbe-g-one-prawie-nowy-CID767-ID14Mlk7.html
Rower Gravel Trek 7.1 FX hybrid Szosowy Kolarzówka Black Ładny Stan Katowice Śródmieście • OLX.pl,1480.0,2617.84,Zaniżona,TREK,1997.0,S,Używane,https://www.olx.pl/oferta/rower-gravel-trek-7-1-fx-hybrid-szosowy-kolarzowka-black-ladny-stan-CID767-ID10QPNI.html
Carbonowy rower gravelowo-szosowy VOTEC VRC 54cm Ropczyce • OLX.pl,5900.0,6765.85,Średnia,SPECIALIZED,,S,Używane,https://www.olx.pl/oferta/carbonowy-rower-gravelowo-szosowy-votec-vrc-54cm-CID767-ID15aJa9.html
"CANNONDALE CAADX APEX 1 (przełaj/gravel), Sram(hydraulika), Rozmiar 54 Warszawa Ursynów • OLX.pl",3999.0,4343.43,Średnia,CANNONDALE,,S,Używane,https://www.olx.pl/oferta/cannondale-caadx-apex-1-przelaj-gravel-sramhydraulika-rozmiar-54-CID767-ID15c6I9.html
"Rower Gravel Romet ASPRE 2 (stan BDB, GRX, hydraulika) Wilamowice • OLX.pl",3500.0,4691.92,Zaniżona,ROMET,2021.0,S,Używane,https://www.olx.pl/oferta/rower-gravel-romet-aspre-2-stan-bdb-grx-hydraulika-CID767-ID12Eis9.html
Rower Gravel Triban RC520 M Warszawa Włochy • OLX.pl,3299.0,2431.86,Zawyżona,TRIBAN,2022.0,S,Używane,https://www.olx.pl/oferta/rower-gravel-triban-rc520-m-CID767-ID155uhi.html
Rower Gravelowy marki SUPERIOR X-ROAD Team Elite carbon r.M/54 Kraków Podgórze • OLX.pl,5500.0,6492.7,Średnia,NIEZNANA,,S,Używane,https://www.olx.pl/oferta/rower-gravelowy-marki-superior-x-road-team-elite-carbon-r-m-54-CID767-ID127KUu.html
Kross esker 6.0 gen 2 rozm. M niewielki przebieg Lubin • OLX.pl,5200.0,5044.02,Średnia,KROSS,,S,Używane,https://www.olx.pl/oferta/kross-esker-6-0-gen-2-rozm-m-niewielki-przebieg-CID767-ID14JHDJ.html
"Kross Esker 5.0 M Apex 1x11 grawel, gravel Wrocław Fabryczna • OLX.pl",4000.0,4302.65,Średnia,KROSS,2024.0,S,Używane,https://www.olx.pl/oferta/kross-esker-5-0-m-apex-1x11-grawel-gravel-CID767-ID157hVG.html
Specialized Sirrus X Comp Carbon L Rower Fitness Crossowy Gravel Mielno • OLX.pl,6900.0,6618.13,Średnia,SPECIALIZED,,S,Używane,https://www.olx.pl/oferta/specialized-sirrus-x-comp-carbon-l-rower-fitness-crossowy-gravel-CID767-ID15fFjm.html
Boardaman Gravel treking crossowy 28 koła karbonowe klocki Rower Zgierz • OLX.pl,1000.0,2379.96,Zaniżona,TREK,,S,Używane,https://www.olx.pl/oferta/boardaman-gravel-treking-crossowy-28-kola-karbonowe-klocki-rower-CID767-ID15fSb2.html
Trek Domane Al3 disc 58 Gravel Gwarancja Dożywotnia Słupsk • OLX.pl,4000.0,2449.52,Zawyżona,TREK,,S,Używane,https://www.olx.pl/oferta/trek-domane-al3-disc-58-gravel-gwarancja-dozywotnia-CID767-ID15egsc.html
"Rower szosowy Triban RC520 Microshift 10S rozmiar M (szosa, gravel) Gdańsk Chełm z dzielnicą Gdańsk Południe • OLX.pl",2400.0,4034.79,Zaniżona,TRIBAN,,S,Używane,https://www.olx.pl/oferta/rower-szosowy-triban-rc520-microshift-10s-rozmiar-m-szosa-gravel-CID767-ID14IhAR.html
Gravel Merida Silex 200 rozm.M Rumia • OLX.pl,3890.0,5638.13,Zaniżona,MERIDA,2021.0,S,Używane,https://www.olx.pl/oferta/gravel-merida-silex-200-rozm-m-CID767-ID15cKxg.html
Specialized Diverge Comp E5 Gdańsk Piecki-Migowo • OLX.pl,8900.0,6627.93,Zawyżona,SPECIALIZED,,S,Nowe,https://www.olx.pl/oferta/specialized-diverge-comp-e5-CID767-ID155M0V.html
Rower Kross 26 cali Piekary Śląskie • OLX.pl,750.0,2414.73,Zaniżona,KROSS,,S,Używane,https://www.olx.pl/oferta/rower-kross-26-cali-CID767-ID156FO9.html
"Rower Rondo Ruut CF2, rozmiar 56 (L) Kaźmierz • OLX.pl",6400.0,6108.09,Średnia,RONDO,2020.0,S,Używane,https://www.olx.pl/oferta/rower-rondo-ruut-cf2-rozmiar-56-l-CID767-ID14OZAf.html
Rower - Kross Esker 2.0 - Gravel - Sora - Bardzo ladny  - XL Kraków Podgórze • OLX.pl,2550.0,2484.75,Średnia,KROSS,2023.0,S,Używane,https://www.olx.pl/oferta/rower-kross-esker-2-0-gravel-sora-bardzo-ladny-xl-CID767-ID14Rdrc.html
Rower Scott Speedster  GRAVEL 20 2020 Rozmiar S Warszawa Bielany • OLX.pl,3400.0,4996.74,Zaniżona,CANNONDALE,2020.0,S,Używane,https://www.olx.pl/oferta/rower-scott-speedster-gravel-20-2020-rozmiar-s-CID767-ID15cir3.html
Marin Four Corners XL 2023 Warszawa Wola • OLX.pl,2900.0,2452.98,Średnia,TREK,2023.0,S,Używane,https://www.olx.pl/oferta/marin-four-corners-xl-2023-CID767-ID14PKzp.html
"Rower gravel NS BIKES RAG+ 1 Sram APEX, pomiar mocy Rival AXS, roz. m Karniowice • OLX.pl",5600.0,4696.51,Średnia,SPECIALIZED,,XS,Używane,https://www.olx.pl/oferta/rower-gravel-ns-bikes-rag-1-sram-apex-pomiar-mocy-rival-axs-roz-m-CID767-ID15c7fd.html
Rower grawel Ns bike rag 3 rozmiar L Pabianice • OLX.pl,4500.0,4304.4,Średnia,NS BIKES,2024.0,S,Używane,https://www.olx.pl/oferta/rower-grawel-ns-bike-rag-3-rozmiar-l-CID767-ID14aesq.html
Rower gravel karbonowy Conway 10.0 GRV - L - jak nowy Rajsko • OLX.pl,8490.0,8476.04,Średnia,LAUF,2024.0,S,Używane,https://www.olx.pl/oferta/rower-gravel-karbonowy-conway-10-0-grv-l-jak-nowy-CID767-ID15fmNS.html
"Rower gravel Kross Esker 6.0 2025 2x12 Gen2 khaki S,M,L,XL  Nowy Śląsk Przyszowice • OLX.pl",7649.0,6202.9,Zawyżona,KROSS,2025.0,XS,Nowe,https://www.olx.pl/oferta/rower-gravel-kross-esker-6-0-2025-2x12-gen2-khaki-s-m-l-xl-nowy-slask-CID767-ID13eHGc.html
"Rower gravel Lupo Dolomite II GRX600/800, L / XL OKAZJA Matysówka • OLX.pl",4450.0,4631.97,Średnia,NONE,,S,Nowe,https://www.olx.pl/oferta/rower-gravel-lupo-dolomite-ii-grx600-800-l-xl-okazja-CID767-ID159OrQ.html
"Gravel , przełaj , Trekking  Sram AXS Stalowa Wola • OLX.pl",6750.0,5920.06,Średnia,TREK,,XS,Używane,https://www.olx.pl/oferta/gravel-przelaj-trekking-sram-axs-CID767-ID12DZl8.html
Rower * KONA UNIT 29 XL * Gravel / Bikepacking / górski MTB Hydraulika Żyrardów • OLX.pl,4999.0,4334.52,Średnia,SPECIALIZED,2025.0,S,Nowe,https://www.olx.pl/oferta/rower-kona-unit-29-xl-gravel-bikepacking-gorski-mtb-hydraulika-CID767-ID15eyM5.html
Rower Gravel Romet Aspre 2 2021 rozmiar 58cm Gdańsk Ujeścisko - Łostowice • OLX.pl,3299.0,4050.68,Średnia,ROMET,2021.0,S,Używane,https://www.olx.pl/oferta/rower-gravel-romet-aspre-2-2021-rozmiar-58cm-CID767-ID15c7rD.html
Nowy rower gravel 3T Exploro Ultra Carbon Sram Apex AXS 12s SUPER CENA Skórzewo • OLX.pl,11999.0,13336.11,Średnia,GT,,XS,Nowe,https://www.olx.pl/oferta/nowy-rower-gravel-3t-exploro-ultra-carbon-sram-apex-axs-12s-super-cena-CID767-ID14Xazs.html
"CUBE CROSS RACE PRO (przełaj/gravel), Shimano 105, Rozmiar 50 Dąbrowa Górnicza • OLX.pl",4499.0,4176.65,Średnia,CUBE,,S,Używane,https://www.olx.pl/oferta/cube-cross-race-pro-przelaj-gravel-shimano-105-rozmiar-50-CID767-ID15a6F8.html
Rower Bulls Daily Grinder 1  gravel 2x8 - rama.47cm Wągrowiec • OLX.pl,2800.0,2469.78,Średnia,NIEZNANA,,S,Używane,https://www.olx.pl/oferta/rower-bulls-daily-grinder-1-gravel-2x8-rama-47cm-CID767-ID15eMjg.html
Gravel octan one gridd flat 700c / rama L Pruszcz Gdański • OLX.pl,1800.0,2458.22,Zaniżona,NONE,,S,Używane,https://www.olx.pl/oferta/gravel-octan-one-gridd-flat-700c-rama-l-CID767-ID157EV3.html
Specialized Vita M Warszawa Mokotów • OLX.pl,2700.0,4195.8,Zaniżona,SPECIALIZED,,S,Używane,https://www.olx.pl/oferta/specialized-vita-m-CID767-ID15bLrw.html
"Rower elektryczny PROPHETTE silnik centralny, Gravel, jedzie 45km/h Elbląg • OLX.pl",2999.0,4331.4,Zaniżona,NONE,,S,Używane,https://www.olx.pl/oferta/rower-elektryczny-prophette-silnik-centralny-gravel-jedzie-45km-h-CID767-ID15c8Mh.html
Nowy rower Gravel NS BIKE RAG2 Sram Apex L 54 cm Urban Bikes Warszawa Mokotów • OLX.pl,4500.0,2628.01,Zawyżona,NONE,,S,Nowe,https://www.olx.pl/oferta/nowy-rower-gravel-ns-bike-rag2-sram-apex-l-54-cm-urban-bikes-CID767-ID14T2xz.html
Merida Cyclo Cross rozmiar 55 rower uniwersalny grawel Poznań Grunwald • OLX.pl,1900.0,2817.63,Zaniżona,MERIDA,,S,Używane,https://www.olx.pl/oferta/merida-cyclo-cross-rozmiar-55-rower-uniwersalny-grawel-CID767-ID14T8q8.html
Romet Aspre A1 Grawel Grędzice • OLX.pl,2200.0,2481.37,Średnia,ROMET,,S,Używane,https://www.olx.pl/oferta/romet-aspre-a1-grawel-CID767-ID15eDnm.html
Fuji Jari Carbon CX Nowy Promo -5700zł Sram Rival AXS przełaj gravel Warszawa Wola • OLX.pl,8699.0,10613.6,Średnia,FUJI,,XS,Nowe,https://www.olx.pl/oferta/fuji-jari-carbon-cx-nowy-promo-5700zl-sram-rival-axs-przelaj-gravel-CID767-ID14Rz2l.html
Rower Triban RC100 szosowy gravel (2024) rozmiar L + akcesoria Warszawa Śródmieście • OLX.pl,1200.0,2430.4,Zaniżona,TRIBAN,2024.0,S,Używane,https://www.olx.pl/oferta/rower-triban-rc100-szosowy-gravel-2024-rozmiar-l-akcesoria-CID767-ID13Zp1U.html
"Cannondale Topstone Carbon 5, NOWA RAMA (0km) roz. S (162 - 176cm) Warszawa Bielany • OLX.pl",10000.0,8498.21,Średnia,CANNONDALE,2025.0,S,Używane,https://www.olx.pl/oferta/cannondale-topstone-carbon-5-nowa-rama-0km-roz-s-162-176cm-CID767-ID157V4d.html
Rower gravel Giant Revolt 0 / rozmiar ML / model 2024 / FVAT Marki • OLX.pl,5900.0,5149.95,Średnia,GIANT,2024.0,S,Używane,https://www.olx.pl/oferta/rower-gravel-giant-revolt-0-rozmiar-ml-model-2024-fvat-CID767-ID159yMb.html
Giant FastRoad CoMax 2 Carbon Medium Fitness Gravel stan bardzo dobry Warszawa Białołęka • OLX.pl,3350.0,5999.76,Zaniżona,GIANT,,S,Używane,https://www.olx.pl/oferta/giant-fastroad-comax-2-carbon-medium-fitness-gravel-stan-bardzo-dobry-CID767-ID14I1tI.html
Orbea Carpe S rower fitness gravel miejski shimano Łańcut • OLX.pl,1450.0,4245.88,Zaniżona,ORBEA,,S,Używane,https://www.olx.pl/oferta/orbea-carpe-s-rower-fitness-gravel-miejski-shimano-CID767-ID15aYDs.html
"CUBE CROSS RACE PRO (przełaj/gravel), Shimano 105, Rozmiar 50 Lublin • OLX.pl",4499.0,4176.65,Średnia,CUBE,,S,Nowe,https://www.olx.pl/oferta/cube-cross-race-pro-przelaj-gravel-shimano-105-rozmiar-50-CID767-ID15a6LH.html
"GRIND GRIT all-road szosa, rozmiar S, Shimano 105 Di2, Scope, Carbonda Kraków Bieżanów-Prokocim • OLX.pl",16000.0,14058.32,Średnia,NONE,,S,Nowe,https://www.olx.pl/oferta/grind-grit-all-road-szosa-rozmiar-s-shimano-105-di2-scope-carbonda-CID767-ID14UKed.html
"Rower gravel Kross Esker 6.0 2025 2x12 Gen2 brąz XS,S,M,L,XL  Śląsk Przyszowice • OLX.pl",7649.0,6003.38,Zawyżona,KROSS,2025.0,XS,Nowe,https://www.olx.pl/oferta/rower-gravel-kross-esker-6-0-2025-2x12-gen2-braz-xs-s-m-l-xl-slask-CID767-ID13eIXq.html
"Rower gravel Romet Aspre 3 Grx810 Kraków 52, 54 cm Niebieski Kraków FV Kraków Grzegórzki • OLX.pl",5099.0,5210.83,Średnia,ROMET,2024.0,S,Nowe,https://www.olx.pl/d/oferta/rower-gravel-romet-aspre-3-grx810-krakow-52-54-cm-niebieski-krakow-fv-CID767-ID10Xq0q.html
"Rower przełajowy/gravel SPECIALIZED S-WORKS Crux Disc Ultegra, roz. 49 Skórzewo • OLX.pl",9999.0,7878.68,Zawyżona,SPECIALIZED,,S,Używane,https://www.olx.pl/d/oferta/rower-przelajowy-gravel-specialized-s-works-crux-disc-ultegra-roz-49-CID767-ID14KTSW.html
ROSE Backroad Classified 2x11 Shimano GRX Di2 Carbon BESTSELLER (57) Nowy Targ • OLX.pl,13999.0,11382.91,Zawyżona,ROSE,2023.0,S,Używane,https://www.olx.pl/oferta/rose-backroad-classified-2x11-shimano-grx-di2-carbon-bestseller-57-CID767-ID13Wm2R.html
Romet aspre 1 napęd 1x10 Brodnica • OLX.pl,2350.0,3794.25,Zaniżona,ROMET,,S,Używane,https://www.olx.pl/d/oferta/romet-aspre-1-naped-1x10-CID767-ID15ajH5.html
"Koła Szosowe 28"" MAVIC AKSIUM DISC QR 9mm Gravel Maszynowe Centerlock Milicz • OLX.pl",780.0,2264.94,Zaniżona,NONE,,S,Nowe,https://www.olx.pl/oferta/kola-szosowe-28-mavic-aksium-disc-qr-9mm-gravel-maszynowe-centerlock-CID767-ID13jb6N.html
"Gravel Marin Gestalt 1, Tektro, tarcze Widełka • OLX.pl",4799.0,2544.12,Zawyżona,MARIN,,S,Nowe,https://www.olx.pl/d/oferta/gravel-marin-gestalt-1-tektro-tarcze-CID767-ID15a0wc.html
Gravel Triban 120 - rozmiar M Nysa • OLX.pl,2000.0,2501.75,Zaniżona,CANNONDALE,,S,Używane,https://www.olx.pl/oferta/gravel-triban-120-rozmiar-m-CID767-ID15aqJc.html
Rower gravel GT Grade Claris Warszawa Rembertów • OLX.pl,2000.0,2409.19,Średnia,GT,,S,Używane,https://www.olx.pl/oferta/rower-gravel-gt-grade-claris-CID767-ID10YAKY.html
"Rower gravel Fuji JARI 1.1 (2021) GRX, rozmiar M (54) Gdańsk Śródmieście • OLX.pl",4470.0,4831.11,Średnia,FUJI,2022.0,S,Używane,https://www.olx.pl/d/oferta/rower-gravel-fuji-jari-1-1-2021-grx-rozmiar-m-54-CID767-ID12rqUI.html
Scott Metrix 30 EQ Gravel Siechnice • OLX.pl,2999.0,4090.67,Zaniżona,SCOTT,,S,Używane,https://www.olx.pl/oferta/scott-metrix-30-eq-gravel-CID767-ID15auyT.html
ROSE Backroad SRAM Force AXS XPLR 1x12 karbon koła i kokpit 55 57 59 Nowy Targ • OLX.pl,15499.0,14472.75,Średnia,ROSE,2025.0,XS,Nowe,https://www.olx.pl/d/oferta/rose-backroad-sram-force-axs-xplr-1x12-karbon-kola-i-kokpit-55-57-59-CID767-ID155YT5.html
"Gravel Kross Esker 2.0 gen2 2024 rozmiar L - ulepszony, prawie nowy Tczew • OLX.pl",4600.0,2662.61,Zawyżona,KROSS,2024.0,S,Używane,https://www.olx.pl/oferta/gravel-kross-esker-2-0-gen2-2024-rozmiar-l-ulepszony-prawie-nowy-CID767-ID15g0tm.html
Gravel Kellys Soot 70 Lubenia • OLX.pl,4500.0,5062.32,Średnia,CANNONDALE,2023.0,S,Używane,https://www.olx.pl/d/oferta/gravel-kellys-soot-70-CID767-ID156AfL.html
Trek FX Fitness koła 28 carbon widelec rama 57 L/XL Radom • OLX.pl,1650.0,3760.51,Zaniżona,TREK,,S,Używane,https://www.olx.pl/d/oferta/trek-fx-fitness-kola-28-carbon-widelec-rama-57-l-xl-CID767-IDVfmRb.html
Rover gravel triban rc 100 z dodatkową kierownicą Gdańsk Brętowo • OLX.pl,1000.0,2392.6,Zaniżona,TRIBAN,,S,Używane,https://www.olx.pl/d/oferta/rover-gravel-triban-rc-100-z-dodatkowa-kierownica-CID767-ID15fpPb.html
Rower gravel przelaj Cannondale Topstone R M 51 2x10 GRX Koszalin • OLX.pl,5800.0,4911.48,Średnia,CANNONDALE,,S,Używane,https://www.olx.pl/oferta/rower-gravel-przelaj-cannondale-topstone-r-m-51-2x10-grx-CID767-ID157Zc2.html
ROSE Backroad AL SRAM Apex XPLR 1x12 Ritchey COMP karbonowy widelec 55 Nowy Targ • OLX.pl,7899.0,5189.25,Zawyżona,ROSE,2024.0,S,Używane,https://www.olx.pl/oferta/rose-backroad-al-sram-apex-xplr-1x12-ritchey-comp-karbonowy-widelec-55-CID767-ID155Xap.html
Gravel/Specialized Diverge a1/Rama 54/Shimano Sora 2x8/Hamulce tarcza Bydgoszcz • OLX.pl,2200.0,2499.42,Średnia,SPECIALIZED,,S,Używane,https://www.olx.pl/oferta/gravel-specialized-diverge-a1-rama-54-shimano-sora-2x8-hamulce-tarcza-CID767-ID11zLk2.html
"Rower Marin 3 Fairfax cross/gravel, rozmiar L Warszawa Mokotów • OLX.pl",2550.0,2574.7,Średnia,MARIN,,S,Używane,https://www.olx.pl/oferta/rower-marin-3-fairfax-cross-gravel-rozmiar-l-CID767-ID14RwL3.html
Rower Gravel Ghost Road Rage roz M pełny GRX alu/carbon Gorliczyna • OLX.pl,4290.0,5049.5,Średnia,NIEZNANA,,XS,Używane,https://www.olx.pl/oferta/rower-gravel-ghost-road-rage-roz-m-pelny-grx-alu-carbon-CID767-ID15f09I.html
"Vitus Energie VR - Rival - CX przełaj / gravel - rozmiar M, 2019 r. Warszawa Mokotów • OLX.pl",3400.0,4354.14,Zaniżona,VITUS,2019.0,S,Używane,https://www.olx.pl/d/oferta/vitus-energie-vr-rival-cx-przelaj-gravel-rozmiar-m-2019-r-CID767-ID12IXur.html
Gravel Cube Nuroad (2022) roz. M (56) Warszawa Targówek • OLX.pl,3200.0,2838.6,Średnia,CUBE,2022.0,S,Używane,https://www.olx.pl/d/oferta/gravel-cube-nuroad-2022-roz-m-56-CID767-ID15evgE.html
"Romet Aspre 1, roz. 56, Szampański Stanisławów Pierwszy • OLX.pl",2500.0,3097.08,Średnia,ROMET,2022.0,S,Używane,https://www.olx.pl/d/oferta/romet-aspre-1-roz-56-szampanski-CID767-ID10Nz6r.html
Rower Gravel - Kross Esker 1.0 rok 2022 rozmiar M - Napęd 1x8 Katowice Wełnowiec-Józefowiec • OLX.pl,2300.0,2769.28,Średnia,KROSS,2022.0,S,Używane,https://www.olx.pl/d/oferta/rower-gravel-kross-esker-1-0-rok-2022-rozmiar-m-naped-1x8-CID767-ID15cTpO.html
ROSE Backroad Classified 2x11 Shimano GRX Di2 Carbon BESTSELLER (62) Nowy Targ • OLX.pl,13999.0,13401.54,Średnia,ROSE,2023.0,S,Nowe,https://www.olx.pl/oferta/rose-backroad-classified-2x11-shimano-grx-di2-carbon-bestseller-62-CID767-ID14zp5L.html
"Scott Speedster Gravel 10 M/54 ,SRAM RIVAL XPLR Axs 1x12 Poraj • OLX.pl",6800.0,6278.51,Średnia,SCOTT,2022.0,XS,Używane,https://www.olx.pl/d/oferta/scott-speedster-gravel-10-m-54-sram-rival-xplr-axs-1x12-CID767-ID159SPF.html
Canyon Grail CF sl 8.0 xl Pruszcz Gdański • OLX.pl,7999.0,8407.35,Średnia,CANYON,,S,Używane,https://www.olx.pl/oferta/canyon-grail-cf-sl-8-0-xl-CID767-ID13YBDd.html
Rower Gravel Ridley Kanzo Fast Sram Rival AXS XPLR 1x12 Forza carbon Bydgoszcz • OLX.pl,14500.0,10058.84,Zawyżona,RIDLEY,,XS,Używane,https://www.olx.pl/oferta/rower-gravel-ridley-kanzo-fast-sram-rival-axs-xplr-1x12-forza-carbon-CID767-ID158z0r.html
Rower Grawel Stevens Supreme  Shimano 105 rozm 52 Przemyśl • OLX.pl,3500.0,2564.58,Zawyżona,NIEZNANA,,S,Używane,https://www.olx.pl/d/oferta/rower-grawel-stevens-supreme-shimano-105-rozm-52-CID767-ID14Z6yb.html
Rower Kross escer 6.0 Gravel Baniocha • OLX.pl,4000.0,4100.25,Średnia,KROSS,,S,Używane,https://www.olx.pl/d/oferta/rower-kross-escer-6-0-gravel-CID767-ID15bIuY.html
Kross Esker 6.0 2024 Sępólno Krajeńskie • OLX.pl,5600.0,4098.71,Zawyżona,KROSS,2024.0,S,Używane,https://www.olx.pl/oferta/kross-esker-6-0-2024-CID767-ID14LVLN.html
"Rower Gravel Kross Esker 7.0 2023 Shimano GRX, roz. L, Karbon Zamość • OLX.pl",5980.0,7848.78,Zaniżona,KROSS,2023.0,S,Używane,https://www.olx.pl/oferta/rower-gravel-kross-esker-7-0-2023-shimano-grx-roz-l-karbon-CID767-ID14Sn0Q.html
Rower Gravel Triban RC520 M Warszawa Włochy • OLX.pl,3299.0,2431.86,Zawyżona,TRIBAN,2022.0,S,Używane,https://www.olx.pl/d/oferta/rower-gravel-triban-rc520-m-CID767-ID155uhi.html
Rower Gravel marki Cube Starachowice • OLX.pl,2900.0,2475.0,Średnia,CUBE,,S,Używane,https://www.olx.pl/oferta/rower-gravel-marki-cube-CID767-ID15f42z.html
Triban RC500 osprzęt Sora 2x9 szosa gravel Łęczyce • OLX.pl,1850.0,2430.85,Zaniżona,TRIBAN,,S,Używane,https://www.olx.pl/d/oferta/triban-rc500-osprzet-sora-2x9-szosa-gravel-CID767-ID15aG7v.html
Gravel Accent Freak S GRX Gwarancja producenta do 2028 Szczecin Niebuszewo • OLX.pl,5999.0,6768.92,Średnia,NONE,2028.0,S,Używane,https://www.olx.pl/d/oferta/gravel-accent-freak-s-grx-gwarancja-producenta-do-2028-CID767-ID14PF4i.html
Koła do gravela DT Swiss G540 DISC Specialized GRAVEL opony Rambler 45 Tarnowskie Góry • OLX.pl,750.0,2277.97,Zaniżona,SPECIALIZED,,S,Używane,https://www.olx.pl/oferta/kola-do-gravela-dt-swiss-g540-disc-specialized-gravel-opony-rambler-45-CID767-ID13fEam.html
"Rondo Ruut Al rozm L GRX 2x12, kola DT Swiss G1800 Ustroń • OLX.pl",4999.0,4745.74,Średnia,RONDO,,S,Używane,https://www.olx.pl/oferta/rondo-ruut-al-rozm-l-grx-2x12-kola-dt-swiss-g1800-CID767-ID14Gccy.html
Rower elektryczny ORBEA GAIN - Lekki Fitnes Gravel z ładowarką-zadbany Jelenia Góra Cieplice Śląskie-Zdrój • OLX.pl,3999.0,4171.32,Średnia,TREK,,S,Używane,https://www.olx.pl/d/oferta/rower-elektryczny-orbea-gain-lekki-fitnes-gravel-z-ladowarka-zadbany-CID767-IDZYhgw.html
Triban RC500 osprzęt Sora 2x9 szosa gravel Łęczyce • OLX.pl,1850.0,2430.85,Zaniżona,TRIBAN,,S,Używane,https://www.olx.pl/oferta/triban-rc500-osprzet-sora-2x9-szosa-gravel-CID767-ID15aG7v.html
Norco search gravel carbon shimano 105 2x11 Ogrodzieniec • OLX.pl,4600.0,6349.75,Zaniżona,NORCO,,S,Używane,https://www.olx.pl/oferta/norco-search-gravel-carbon-shimano-105-2x11-CID767-ID15cRO0.html
"Cube SL ROAD RACE, Shimano 105, Fulcrum, Vittoria Terreno Zero Skierniewice • OLX.pl",2890.0,4176.65,Zaniżona,TREK,,S,Używane,https://www.olx.pl/oferta/cube-sl-road-race-shimano-105-fulcrum-vittoria-terreno-zero-CID767-ID1323FY.html
Rower Gravel FUJI Jari 1.1 GRX 810 2x11 Nowy Kraków Bronowice • OLX.pl,5599.0,4910.24,Średnia,FUJI,,S,Nowe,https://www.olx.pl/d/oferta/rower-gravel-fuji-jari-1-1-grx-810-2x11-nowy-CID767-ID14CT36.html
Rower Specialized Diverge Elite E5 - Gravel - rozm. 52 - IDEALNY !!! Wrocław Krzyki • OLX.pl,6999.0,5159.07,Zawyżona,SPECIALIZED,2023.0,S,Używane,https://www.olx.pl/d/oferta/rower-specialized-diverge-elite-e5-gravel-rozm-52-idealny-CID767-ID14L8FF.html
Giant FastRoad SL 1 Gravel Bike Wrocław Krzyki • OLX.pl,2900.0,2499.0,Średnia,GIANT,2021.0,S,Używane,https://www.olx.pl/oferta/giant-fastroad-sl-1-gravel-bike-CID767-ID14YQPM.html
Rower Gravel Rose Backroad GRX RX810 Carbon - 2023 Wrocław Fabryczna • OLX.pl,9200.0,7860.71,Średnia,ROSE,2023.0,S,Używane,https://www.olx.pl/d/oferta/rower-gravel-rose-backroad-grx-rx810-carbon-2023-CID767-ID151dMk.html
Cannondale Topstone 2 MD (56) stan idealny. Kraków Bieżanów-Prokocim • OLX.pl,5899.0,4212.18,Zawyżona,CANNONDALE,,S,Używane,https://www.olx.pl/d/oferta/cannondale-topstone-2-md-56-stan-idealny-CID767-ID15g3Zi.html
"Sprzedam rower miejski Carbonowy 8kg trekking,szosa,gravel,singlespeed Brzeszcze • OLX.pl",1000.0,4112.08,Zaniżona,TREK,,S,Używane,https://www.olx.pl/oferta/sprzedam-rower-miejski-carbonowy-8kg-trekking-szosa-gravel-singlespeed-CID767-ID1566YX.html
Rower Focus Atlas 6.7 Gravel Szutry Roz M Stan BDB Warszawa Wawer • OLX.pl,4500.0,5043.85,Średnia,FOCUS,2023.0,S,Używane,https://www.olx.pl/d/oferta/rower-focus-atlas-6-7-gravel-szutry-roz-m-stan-bdb-CID767-ID150ePH.html
Rower gravel Whyte Friston V2 SRAM Apex 1 roz. 56 cm Gdańsk Wrzeszcz • OLX.pl,4500.0,4190.78,Średnia,NIEZNANA,,S,Używane,https://www.olx.pl/oferta/rower-gravel-whyte-friston-v2-sram-apex-1-roz-56-cm-CID767-ID153SQB.html
Rower gravel RONDO RUUT AL 1 2X GRX Gdynia Chylonia • OLX.pl,5000.0,4736.43,Średnia,RONDO,,S,Używane,https://www.olx.pl/oferta/rower-gravel-rondo-ruut-al-1-2x-grx-CID767-ID14NuRZ.html
Cannondale Topstone Carbon 6 rozmiar S Szczecin Centrum • OLX.pl,5000.0,6124.5,Średnia,CANNONDALE,,S,Używane,https://www.olx.pl/oferta/cannondale-topstone-carbon-6-rozmiar-s-CID767-ID15agtU.html
Specialized Diverge E5 rozm. 52 Siedlce • OLX.pl,6350.0,5204.64,Zawyżona,SPECIALIZED,,S,Używane,https://www.olx.pl/oferta/specialized-diverge-e5-rozm-52-CID767-ID15eQ54.html
Fuji jari 1.5 gravel rower rozmiar 54 sram apex Lublin • OLX.pl,2200.0,3498.22,Zaniżona,TREK,2020.0,S,Używane,https://www.olx.pl/d/oferta/fuji-jari-1-5-gravel-rower-rozmiar-54-sram-apex-CID767-ID158Ch7.html
